"","harm","melody","index","beat_pos","duration","approaching","depart","ArrNum","DepNum","onOffBeat","ArrSkiSteLeap","DepSkiSteLeap","Prediction","Response"
"1","I","4b-",24,"1",1,"[b-]","+M2",0,2,"onbeat","unison","step",0.866141960929531,1
"3","I","8cc",26,"2",0.5,"+M2","-M3",2,-4,"onbeat","step","leap",0.984221503911271,1
"4","I","8a-",27,"2.5",0.5,"-M3","-m2",-4,-1,"offbeat","leap","step",0.93820188687144,1
"5","I","4g",28,"3",1,"-m2","+m2",-1,1,"onbeat","step","step",0.80152356213528,1
"7","I","8a-",30,"4",0.5,"+m2","-m3",1,-3,"onbeat","step","leap",0.984221503911271,1
"8","I","8f",31,"4.5",0.5,"-m3","-M2",-3,-2,"offbeat","leap","step",0.93820188687144,1
"9","I","4e-",33,"1",1,"-M2","-m2",-2,-1,"onbeat","step","step",0.80152356213528,1
"11","I","8d",35,"2",0.5,"-m2","-M2",-1,-2,"onbeat","step","step",0.651563710525005,1
"12","I","8c",36,"2.5",0.5,"-M2","-M2",-2,-2,"offbeat","step","step",0.485125363073619,0
"13","I","8B-",37,"3",0.5,"-M2","P1",-2,0,"onbeat","step","unison",0.947551330205483,1
"14","I","8B-",38,"3.5",0.5,"P1","P1",0,0,"offbeat","unison","unison",0.995281514828136,1
"15","I","8B-",39,"4",0.5,"P1","P1",0,0,"onbeat","unison","unison",0.966607821445795,1
"16","I","8B-",40,"4.5",0.5,"P1","P1",0,0,"offbeat","unison","unison",0.995281514828136,1
"17","I","4.B-",42,"1",1.5,"P1","+M2",0,2,"onbeat","unison","step",0.933217248590537,1
"20","I","16c",45,"2.5",0.25,"+M2","+M2",2,2,"offbeat","step","step",0.39067442106658,0
"21","I","16d",46,"2.75",0.25,"+M2","+m2",2,1,"offbeat","step","step",0.39067442106658,0
"22","I","16e-",47,"3",0.25,"+m2","+M2",1,2,"onbeat","step","step",0.559949642180402,1
"23","I","16f",48,"3.25",0.25,"+M2","+M2",2,2,"offbeat","step","step",0.39067442106658,0
"24","I","16g",49,"3.5",0.25,"+M2","+m2",2,1,"offbeat","step","step",0.39067442106658,0
"25","I","16a-",50,"3.75",0.25,"+m2","+M2",1,2,"offbeat","step","step",0.39067442106658,0
"26","I","16b-",51,"4",0.25,"+M2","+M2",2,2,"onbeat","step","step",0.559949642180402,1
"27","I","16cc",52,"4.25",0.25,"+M2","+M2",2,2,"offbeat","step","step",0.39067442106658,0
"28","I","16dd",53,"4.5",0.25,"+M2","+m2",2,1,"offbeat","step","step",0.39067442106658,0
"29","I","16ee-",54,"4.75",0.25,"+m2","-P4",1,-5,"offbeat","step","leap",0.692752247568506,1
"30","I","4b-",56,"1",1,"-P4","-M2",-5,-2,"onbeat","leap","step",0.945714206375741,1
"32","V7","4a-",58,"2",1,"-M2","-m2",-2,-1,"onbeat","step","step",0.80152356213528,1
"34","I","4g",60,"3",1,"-m2","+m3",-1,3,"onbeat","step","leap",0.978658599750936,1
"43","I","4b-",70,"1",1,"+m3","+M2",3,2,"onbeat","leap","step",0.945714206375741,1
"45","I","8cc",72,"2",0.5,"+M2","-M3",2,-4,"onbeat","step","leap",0.984221503911271,1
"46","I","8a-",73,"2.5",0.5,"-M3","-m2",-4,-1,"offbeat","leap","step",0.93820188687144,1
"47","I","4g",74,"3",1,"-m2","+m2",-1,1,"onbeat","step","step",0.80152356213528,1
"49","I","8a-",76,"4",0.5,"+m2","-m3",1,-3,"onbeat","step","leap",0.984221503911271,1
"50","I","8f",77,"4.5",0.5,"-m3","-M2",-3,-2,"offbeat","leap","step",0.93820188687144,1
"51","I","4e-",79,"1",1,"-M2","+M2",-2,2,"onbeat","step","step",0.80152356213528,1
"53","I","8.f",81,"2",0.75,"+M2","-M2",2,-2,"onbeat","step","step",0.733192699045943,1
"55","I","32e-",83,"2.75",0.125,"-M2","+M2",-2,2,"offbeat","step","step",0.345934226922437,0
"56","I","32f",84,"2.875",0.125,"+M2","+M2",2,2,"offbeat","step","step",0.345934226922437,0
"57","I","4g",85,"3",1,"+M2","+M2",2,2,"onbeat","step","step",0.80152356213528,1
"59","V7c/V","8.a",87,"4",0.75,"+M2","-M2",2,-2,"onbeat","step","step",0.733192699045943,1
"61","V7c/V","32g",89,"4.75",0.125,"-M2","+M2",-2,2,"offbeat","step","step",0.345934226922437,0
"62","V7c/V","32a",90,"4.875",0.125,"+M2","+m2",2,1,"offbeat","step","step",0.345934226922437,0
"63","Vb","4b-",92,"1",1,"+m2","+M3",1,4,"onbeat","step","leap",0.978658599750936,1
"93","Vb","8dd",125,"1.5",0.5,"+M3","-M2",4,-2,"offbeat","leap","step",0.93820188687144,1
"94","Vb","8cc",126,"2",0.5,"-M2","-P5",-2,-7,"onbeat","step","leap",0.984221503911271,1
"95","Vb","8f",127,"2.5",0.5,"-P5","+P4",-7,5,"offbeat","leap","leap",0.968895128803985,1
"96","V7","8b-",128,"3",0.5,"+P4","-P8",5,-12,"onbeat","leap","leap",0.996297497065711,1
"98","V7","8B-",130,"3.5",0.5,"-P8","P1",-12,0,"offbeat","leap","unison",0.995030513931936,1
"102","V7","8B-",134,"4.5",0.5,"P1","+P8",0,12,"offbeat","unison","leap",0.970426953667922,1
"104","I","4b-",137,"1",1,"+P8","+M2",12,2,"onbeat","leap","step",0.945714206375741,1
"106","I","16cc",139,"2",0.25,"+M2","-M3",2,-4,"onbeat","step","leap",0.986440792349549,1
"107","I","16a-",140,"2.25",0.25,"-M3","+M3",-4,4,"offbeat","leap","leap",0.973211439846859,1
"108","I","16cc",141,"2.5",0.25,"+M3","-M3",4,-4,"offbeat","leap","leap",0.973211439846859,1
"109","I","16a-",142,"2.75",0.25,"-M3","-m2",-4,-1,"offbeat","leap","step",0.911745018777,1
"110","Ib","4g",143,"3",1,"-m2","+P8",-1,12,"onbeat","step","leap",0.978658599750936,1
"116","I","4gg",150,"1",1,"+P8","+m2",12,1,"onbeat","leap","step",0.945714206375741,1
"118","I","16aa-",152,"2",0.25,"+m2","-m3",1,-3,"onbeat","step","leap",0.986440792349549,1
"119","I","16ff",153,"2.25",0.25,"-m3","+m3",-3,3,"offbeat","leap","leap",0.973211439846859,1
"120","I","16aa-",154,"2.5",0.25,"+m3","-m3",3,-3,"offbeat","leap","leap",0.973211439846859,1
"121","I","16ff",155,"2.75",0.25,"-m3","-M2",-3,-2,"offbeat","leap","step",0.911745018777,1
"122","I","16ee-",156,"3",0.25,"-M2","-m2",-2,-1,"onbeat","step","step",0.559949642180402,1
"123","I","16dd",157,"3.25",0.25,"-m2","+m2",-1,1,"offbeat","step","step",0.39067442106658,0
"124","I","16ee-",158,"3.5",0.25,"+m2","-P4",1,-5,"offbeat","step","leap",0.692752247568506,1
"125","I","16b-",159,"3.75",0.25,"-P4","-M2",-5,-2,"offbeat","leap","step",0.911745018777,1
"126","I","16a-",160,"4",0.25,"-M2","-m2",-2,-1,"onbeat","step","step",0.559949642180402,1
"127","I","16g",161,"4.25",0.25,"-m2","-M2",-1,-2,"offbeat","step","step",0.39067442106658,0
"128","I","16f",162,"4.5",0.25,"-M2","-M2",-2,-2,"offbeat","step","step",0.39067442106658,0
"129","I","16e-",163,"4.75",0.25,"-M2","-m2",-2,-1,"offbeat","step","step",0.39067442106658,0
"130","Vb","8d",165,"1",0.5,"-m2","+m6",-1,8,"onbeat","step","leap",0.984221503911271,1
"131","Vb","8b-",166,"1.5",0.5,"+m6","P1",8,0,"offbeat","leap","unison",0.995030513931936,1
"132","Vb","8b-",167,"2",0.5,"P1","P1",0,0,"onbeat","unison","unison",0.966607821445795,1
"133","Vb","8b-",168,"2.5",0.5,"P1","+P4",0,5,"offbeat","unison","leap",0.970426953667922,1
"134","I","16ee-",169,"3",0.25,"+P4","-m2",5,-1,"onbeat","leap","step",0.845898976968717,1
"135","I","16dd",170,"3.25",0.25,"-m2","+m2",-1,1,"offbeat","step","step",0.39067442106658,0
"136","I","16ee-",171,"3.5",0.25,"+m2","-P4",1,-5,"offbeat","step","leap",0.692752247568506,1
"137","I","16b-",172,"3.75",0.25,"-P4","-M2",-5,-2,"offbeat","leap","step",0.911745018777,1
"138","I","16a-",173,"4",0.25,"-M2","-m2",-2,-1,"onbeat","step","step",0.559949642180402,1
"139","I","16g",174,"4.25",0.25,"-m2","-M2",-1,-2,"offbeat","step","step",0.39067442106658,0
"140","I","16f",175,"4.5",0.25,"-M2","-M2",-2,-2,"offbeat","step","step",0.39067442106658,0
"141","I","16e-",176,"4.75",0.25,"-M2","-m2",-2,-1,"offbeat","step","step",0.39067442106658,0
"142","Vb","8d",178,"1",0.5,"-m2","+m6",-1,8,"onbeat","step","leap",0.984221503911271,1
"143","Vb","8b-",179,"1.5",0.5,"+m6","P1",8,0,"offbeat","leap","unison",0.995030513931936,1
"144","Vb","8b-",180,"2",0.5,"P1","P1",0,0,"onbeat","unison","unison",0.966607821445795,1
"145","Vb","8b-",181,"2.5",0.5,"P1","+P4",0,5,"offbeat","unison","leap",0.970426953667922,1
"146","vi","8ee-",182,"3",0.5,"+P4","P1",5,0,"onbeat","leap","unison",0.987331409424847,1
"147","vi","8ee-",183,"3.5",0.5,"P1","P1",0,0,"offbeat","unison","unison",0.995281514828136,1
"148","V7/V","8ee-",184,"4",0.5,"P1","P1",0,0,"onbeat","unison","unison",0.966607821445795,1
"149","V7/V","8ee-",185,"4.5",0.5,"P1","P1",0,0,"offbeat","unison","unison",0.995281514828136,1
"150","V","2ee-",187,"1",2,"P1","-m2",0,-1,"onbeat","unison","step",0.967926232159925,1
"151","V","4dd",188,"3",1,"-m2","d1",-1,-1,"onbeat","step","step",0.80152356213528,1
"156","V7d/ii","4.dd-",194,"3",1.5,"d1","-m2",-1,-1,"onbeat","step","step",0.897133086773248,1
"157","V7d/ii","8cc",195,"4.5",0.5,"-m2","P1",-1,0,"offbeat","step","unison",0.925521615272745,1
"158","V7d/ii","[2cc",197,"1",2,"P1","+M3",0,4,"onbeat","unison","leap",0.97543644267359,1
"160","iib","16ee",199,"3.25",0.25,"+M3","+m2",4,1,"offbeat","leap","step",0.911745018777,1
"161","iib","16ff",200,"3.5",0.25,"+m2","+M2",1,2,"offbeat","step","step",0.39067442106658,0
"162","iib","16gg",201,"3.75",0.25,"+M2","+m2",2,1,"offbeat","step","step",0.39067442106658,0
"163","iib","16aa-",202,"4",0.25,"+m2","-m2",1,-1,"onbeat","step","step",0.559949642180402,1
"164","iib","16gg",203,"4.25",0.25,"-m2","+m3",-1,3,"offbeat","step","leap",0.692752247568506,1
"165","iib","16bb-",204,"4.5",0.25,"+m3","-M2",3,-2,"offbeat","leap","step",0.911745018777,1
"166","iib","16aa-",205,"4.75",0.25,"-M2","+M3",-2,4,"offbeat","step","leap",0.692752247568506,1
"167","iib","8ccc",207,"1",0.5,"+M3","-M2",4,-2,"onbeat","leap","step",0.889707188612599,1
"169","iib","16bb-",209,"1.75",0.25,"-M2","-M2",-2,-2,"offbeat","step","step",0.39067442106658,0
"170","iib","8aa-",210,"2",0.5,"-M2","-m2",-2,-1,"onbeat","step","step",0.651563710525005,1
"172","iib","16gg",212,"2.75",0.25,"-m2","-M2",-1,-2,"offbeat","step","step",0.39067442106658,0
"173","iib","8ff",213,"3",0.5,"-M2","+M2",-2,2,"onbeat","step","step",0.651563710525005,1
"176","iib","16gg",216,"4.75",0.25,"+M2","+m2",2,1,"offbeat","step","step",0.39067442106658,0
"177","iib","8aa-",218,"1",0.5,"+m2","-m2",1,-1,"onbeat","step","step",0.651563710525005,1
"179","iib","16gg",220,"1.75",0.25,"-m2","-M2",-1,-2,"offbeat","step","step",0.39067442106658,0
"180","iib","8ff",221,"2",0.5,"-M2","-M2",-2,-2,"onbeat","step","step",0.651563710525005,1
"182","iib","16ee-",223,"2.75",0.25,"-M2","-m2",-2,-1,"offbeat","step","step",0.39067442106658,0
"183","viioD7c","4.dd",224,"3",1.5,"-m2","+m2",-1,1,"onbeat","step","step",0.897133086773248,1
"184","Ib","8ee-",225,"4.5",0.5,"+m2","P1",1,0,"offbeat","step","unison",0.925521615272745,1
"185","Ib","[4ee-",227,"1",1,"P1","-m2",0,-1,"onbeat","unison","step",0.866141960929531,1
"187","Ib","16dd",229,"2.25",0.25,"-m2","+m3",-1,3,"offbeat","step","leap",0.692752247568506,1
"188","Ib","16ff",230,"2.5",0.25,"+m3","-M2",3,-2,"offbeat","leap","step",0.911745018777,1
"189","Ib","16ee-",231,"2.75",0.25,"-M2","+M3",-2,4,"offbeat","step","leap",0.692752247568506,1
"190","Ib","8gg",232,"3",0.5,"+M3","P1",4,0,"onbeat","leap","unison",0.987331409424847,1
"191","Ib","8gg",233,"3.5",0.5,"P1","P1",0,0,"offbeat","unison","unison",0.995281514828136,1
"192","Ib","8gg",234,"4",0.5,"P1","P1",0,0,"onbeat","unison","unison",0.966607821445795,1
"193","Ib","8gg",235,"4.5",0.5,"P1","-m6",0,-8,"offbeat","unison","leap",0.970426953667922,1
"194","viioD7b/vi","4b",237,"1",1,"-m6","+m2",-8,1,"onbeat","leap","step",0.945714206375741,1
"195","vi","8cc",238,"2",0.5,"+m2","+P5",1,7,"onbeat","step","leap",0.984221503911271,1
"196","vi","16gg",239,"2.5",0.25,"+P5","-M3",7,-4,"offbeat","leap","leap",0.973211439846859,1
"197","vi","16ee-",240,"2.75",0.25,"-M3","-m2",-4,-1,"offbeat","leap","step",0.911745018777,1
"198","Vc","4dd",241,"3",1,"-m2","-M2",-1,-2,"onbeat","step","step",0.80152356213528,1
"199","Vc","8cc",242,"4",0.5,"-M2","-M2",-2,-2,"onbeat","step","step",0.651563710525005,1
"200","Vb","32b-",243,"4.5",0.125,"-M2","+P8",-2,12,"offbeat","step","leap",0.708876807799874,1
"201","Vb","16.bb-",244,"4.625",0.375,"+P8","-m2",12,-1,"offbeat","leap","step",0.926054946709961,1
"202","I","32aa",246,"1",0.125,"-m2","-M2",-1,-2,"onbeat","step","step",0.512116786336613,1
"203","I","16.gg",247,"1.125",0.375,"-M2","-M2",-2,-2,"offbeat","step","step",0.437331991622613,0
"204","I","32ff",248,"1.5",0.125,"-M2","-M2",-2,-2,"offbeat","step","step",0.345934226922437,0
"205","I","16.ee-",249,"1.625",0.375,"-M2","-m2",-2,-1,"offbeat","step","step",0.437331991622613,0
"206","I","32dd",250,"2",0.125,"-m2","-M2",-1,-2,"onbeat","step","step",0.512116786336613,1
"207","I","16.cc",251,"2.125",0.375,"-M2","+P5",-2,7,"offbeat","step","leap",0.676142610185927,1
"208","I","32gg",252,"2.5",0.125,"+P5","-M6",7,-9,"offbeat","leap","leap",0.975145398316041,1
"209","I","16.b-",253,"2.625",0.375,"-M6","P1",-9,0,"offbeat","leap","unison",0.994047497346294,1
"211","Vc","4b-",255,"3",1,"P1","-m2",0,-1,"onbeat","unison","step",0.866141960929531,1
"213","V/V","8a",257,"4",0.5,"-m2","-M2",-1,-2,"onbeat","step","step",0.651563710525005,1
"214","V/V","8g",258,"4.5",0.5,"-M2","P1",-2,0,"offbeat","step","unison",0.925521615272745,1
"215","V/V","4g",260,"1",1,"P1","-M2",0,-2,"onbeat","unison","step",0.866141960929531,1
"217","V/V","8f",262,"2",0.5,"-M2","-m2",-2,-1,"onbeat","step","step",0.651563710525005,1
"218","V/V","8e",263,"2.5",0.5,"-m2","P1",-1,0,"offbeat","step","unison",0.925521615272745,1
"219","V/V","4.e",264,"3",1.5,"P1","+m3",0,3,"onbeat","unison","leap",0.981823643415087,1
"222","V/V","16g",267,"4.5",0.25,"+m3","-M2",3,-2,"offbeat","leap","step",0.911745018777,1
"223","V/V","16f",268,"4.75",0.25,"-M2","P1",-2,0,"offbeat","step","unison",0.896310039180105,1
"224","V/V","4.f",270,"1",1.5,"P1","-m6",0,-8,"onbeat","unison","leap",0.981823643415087,1
"227","V/V","8A",273,"2.5",0.5,"-m6","+m2",-8,1,"offbeat","leap","step",0.93820188687144,1
"228","Vb","16B-",274,"3",0.25,"+m2","+P5",1,7,"onbeat","step","leap",0.986440792349549,1
"229","Vb","16f",275,"3.25",0.25,"+P5","-m3",7,-3,"offbeat","leap","leap",0.973211439846859,1
"230","Vb","16d",276,"3.5",0.25,"-m3","+m6",-3,8,"offbeat","leap","leap",0.973211439846859,1
"231","Vb","16b-",277,"3.75",0.25,"+m6","-P4",8,-5,"offbeat","leap","leap",0.973211439846859,1
"232","Vb","16f",278,"4",0.25,"-P4","+M6",-5,9,"onbeat","leap","leap",0.996823745609426,1
"233","Vb","16dd",279,"4.25",0.25,"+M6","-M3",9,-4,"offbeat","leap","leap",0.973211439846859,1
"234","Vb","16b-",280,"4.5",0.25,"-M3","+P5",-4,7,"offbeat","leap","leap",0.973211439846859,1
"235","Vb","16ff",281,"4.75",0.25,"+P5","-m3",7,-3,"offbeat","leap","leap",0.973211439846859,1
"236","Vb","16dd",283,"1",0.25,"-m3","+m6",-3,8,"onbeat","leap","leap",0.996823745609426,1
"237","Vb","16bb-",284,"1.25",0.25,"+m6","-P4",8,-5,"offbeat","leap","leap",0.973211439846859,1
"238","Vb","16ff",285,"1.5",0.25,"-P4","+M6",-5,9,"offbeat","leap","leap",0.973211439846859,1
"239","Vb","16ddd",286,"1.75",0.25,"+M6","-M3",9,-4,"offbeat","leap","leap",0.973211439846859,1
"240","Vb","16bb-",287,"2",0.25,"-M3","+P5",-4,7,"onbeat","leap","leap",0.996823745609426,1
"241","Vb","16fff",288,"2.25",0.25,"+P5","-M2",7,-2,"offbeat","leap","step",0.911745018777,1
"242","Vb","16eee-",289,"2.5",0.25,"-M2","-m2",-2,-1,"offbeat","step","step",0.39067442106658,0
"243","Vb","16ddd",290,"2.75",0.25,"-m2","-M2",-1,-2,"offbeat","step","step",0.39067442106658,0
"244","Vb","16ccc",291,"3",0.25,"-M2","-M2",-2,-2,"onbeat","step","step",0.559949642180402,1
"245","Vb","16bb-",292,"3.25",0.25,"-M2","-m2",-2,-1,"offbeat","step","step",0.39067442106658,0
"246","Vb","16aa",293,"3.5",0.25,"-m2","+m2",-1,1,"offbeat","step","step",0.39067442106658,0
"247","Vb","16bb-",294,"3.75",0.25,"+m2","-m2",1,-1,"offbeat","step","step",0.39067442106658,0
"248","Vb","16aa",295,"4",0.25,"-m2","+m2",-1,1,"onbeat","step","step",0.559949642180402,1
"249","Vb","16bb-",296,"4.25",0.25,"+m2","-m2",1,-1,"offbeat","step","step",0.39067442106658,0
"250","Vb","16aa",297,"4.5",0.25,"-m2","+m2",-1,1,"offbeat","step","step",0.39067442106658,0
"251","Vb","16bb-",298,"4.75",0.25,"+m2","-M2",1,-2,"offbeat","step","step",0.39067442106658,0
"252","V7b","4aa-",300,"1",1,"-M2","-d3",-2,-2,"onbeat","step","step",0.80152356213528,1
"253","V7b","4ff#",301,"2",1,"-d3","+m2",-2,1,"onbeat","step","step",0.80152356213528,1
"254","I","4.gg",302,"3",1.5,"+m2","-M2",1,-2,"onbeat","step","step",0.897133086773248,1
"257","I","16ff",305,"4.5",0.25,"-M2","-M2",-2,-2,"offbeat","step","step",0.39067442106658,0
"258","I","16ee-",306,"4.75",0.25,"-M2","-m2",-2,-1,"offbeat","step","step",0.39067442106658,0
"259","I","16dd",308,"1",0.25,"-m2","-M2",-1,-2,"onbeat","step","step",0.559949642180402,1
"260","I","16cc",309,"1.25",0.25,"-M2","-m2",-2,-1,"offbeat","step","step",0.39067442106658,0
"261","I","16b",310,"1.5",0.25,"-m2","+m2",-1,1,"offbeat","step","step",0.39067442106658,0
"262","I","16cc",311,"1.75",0.25,"+m2","-m2",1,-1,"offbeat","step","step",0.39067442106658,0
"263","I","16b",312,"2",0.25,"-m2","+m2",-1,1,"onbeat","step","step",0.559949642180402,1
"264","I","16cc",313,"2.25",0.25,"+m2","+m3",1,3,"offbeat","step","leap",0.692752247568506,1
"265","I","16ee-",314,"2.5",0.25,"+m3","-m3",3,-3,"offbeat","leap","leap",0.973211439846859,1
"266","I","16cc",315,"2.75",0.25,"-m3","-M2",-3,-2,"offbeat","leap","step",0.911745018777,1
"267","viioD7/V/V","4.b-",316,"3",1.5,"-M2","+M2",-2,2,"onbeat","step","step",0.897133086773248,1
"271","V7/V","8cc",320,"4.5",0.5,"+M2","+M2",2,2,"offbeat","step","step",0.485125363073619,0
"273","V","16dd",323,"1.25",0.25,"+M2","+P4",2,5,"offbeat","step","leap",0.692752247568506,1
"274","V","16gg",324,"1.5",0.25,"+P4","-M2",5,-2,"offbeat","leap","step",0.911745018777,1
"275","V","16ff",325,"1.75",0.25,"-M2","P1",-2,0,"offbeat","step","unison",0.896310039180105,1
"276","V","8ff",326,"2",0.5,"P1","-m3",0,-3,"onbeat","unison","leap",0.990093693344501,1
"281","V","16dd",331,"3.25",0.25,"-m3","+P4",-3,5,"offbeat","leap","leap",0.973211439846859,1
"282","V","16gg",332,"3.5",0.25,"+P4","-M2",5,-2,"offbeat","leap","step",0.911745018777,1
"283","V","16ff",333,"3.75",0.25,"-M2","P1",-2,0,"offbeat","step","unison",0.896310039180105,1
"284","V","8ff",334,"4",0.5,"P1","-m3",0,-3,"onbeat","unison","leap",0.990093693344501,1
"289","V","16dd",340,"1.25",0.25,"-m3","+m7",-3,10,"offbeat","leap","leap",0.973211439846859,1
"290","V","16ccc",341,"1.5",0.25,"+m7","-M2",10,-2,"offbeat","leap","step",0.911745018777,1
"291","V","16bb-",342,"1.75",0.25,"-M2","P1",-2,0,"offbeat","step","unison",0.896310039180105,1
"292","V","8bb-",343,"2",0.5,"P1","-M2",0,-2,"onbeat","unison","step",0.749762270426289,1
"294","V","8aa-",345,"2.5",0.5,"-M2","-m2",-2,-1,"offbeat","step","step",0.485125363073619,0
"296","I","16gg",347,"3",0.25,"-m2","+m6",-1,8,"onbeat","step","leap",0.986440792349549,1
"297","I","16eee-",348,"3.25",0.25,"+m6","-m2",8,-1,"offbeat","leap","step",0.911745018777,1
"298","I","16ddd",349,"3.5",0.25,"-m2","-M2",-1,-2,"offbeat","step","step",0.39067442106658,0
"299","I","16ccc",350,"3.75",0.25,"-M2","+P5",-2,7,"offbeat","step","leap",0.692752247568506,1
"300","vi","8ggg",351,"4",0.5,"+P5","-M10",7,-16,"onbeat","leap","leap",0.996297497065711,1
"312","vi","[2ee-",364,"3",2,"-M10","-m2",-16,-1,"onbeat","leap","step",0.987841890268467,1
"324","V","4dd",377,"2",1,"-m2","-M2",-1,-2,"onbeat","step","step",0.80152356213528,1
"328","vib","16cc",381,"3",0.25,"-M2","+P5",-2,7,"onbeat","step","leap",0.986440792349549,1
"329","vib","16gg",382,"3.25",0.25,"+P5","-M3",7,-4,"offbeat","leap","leap",0.973211439846859,1
"330","vib","16ee-",383,"3.5",0.25,"-M3","-m3",-4,-3,"offbeat","leap","leap",0.973211439846859,1
"331","vib","16cc",384,"3.75",0.25,"-m3","-M2",-3,-2,"offbeat","leap","step",0.911745018777,1
"332","Vc","8b-",385,"4",0.5,"-M2","-m2",-2,-1,"onbeat","step","step",0.651563710525005,1
"333","V7/V","8a",386,"4.5",0.5,"-m2","+m2",-1,1,"offbeat","step","step",0.485125363073619,0
"334","V","4b-",388,"1",1,"+m2","+M3",1,4,"onbeat","step","leap",0.978658599750936,1
"362","V","16dd",418,"2",0.25,"+M3","-M3",4,-4,"onbeat","leap","leap",0.996823745609426,1
"363","V","16b-",419,"2.25",0.25,"-M3","+M6",-4,9,"offbeat","leap","leap",0.973211439846859,1
"364","V","16gg",420,"2.5",0.25,"+M6","-m3",9,-3,"offbeat","leap","leap",0.973211439846859,1
"365","V","16ee",421,"2.75",0.25,"-m3","+m2",-3,1,"offbeat","leap","step",0.911745018777,1
"366","V","8ff",422,"3",0.5,"+m2","P1",1,0,"onbeat","step","unison",0.947551330205483,1
"367","V","8ff",423,"3.5",0.5,"P1","-m2",0,-1,"offbeat","unison","step",0.941153459775535,1
"368","V","16ee",424,"4",0.25,"-m2","+m3",-1,3,"onbeat","step","leap",0.986440792349549,1
"369","V","16gg",425,"4.25",0.25,"+m3","+M2",3,2,"offbeat","leap","step",0.911745018777,1
"370","V","16aa",426,"4.5",0.25,"+M2","+m2",2,1,"offbeat","step","step",0.39067442106658,0
"371","V","16bb-",427,"4.75",0.25,"+m2","P1",1,0,"offbeat","step","unison",0.896310039180105,1
"372","V/V","8bb-",429,"1",0.5,"P1","-m2",0,-1,"onbeat","unison","step",0.749762270426289,1
"373","V/V","8aa",430,"1.5",0.5,"-m2","-M9",-1,-14,"offbeat","step","leap",0.659076951088574,1
"374","V/V","16g",431,"2",0.25,"-M9","-M3",-14,-4,"onbeat","leap","leap",0.996823745609426,1
"375","V/V","16e-",432,"2.25",0.25,"-M3","+M6",-4,9,"offbeat","leap","leap",0.973211439846859,1
"376","V/V","16cc",433,"2.5",0.25,"+M6","-m3",9,-3,"offbeat","leap","leap",0.973211439846859,1
"377","V/V","16a",434,"2.75",0.25,"-m3","+m2",-3,1,"offbeat","leap","step",0.911745018777,1
"378","V/V","16b-",435,"3",0.25,"+m2","+M2",1,2,"onbeat","step","step",0.559949642180402,1
"379","V/V","16cc",436,"3.25",0.25,"+M2","+M2",2,2,"offbeat","step","step",0.39067442106658,0
"380","V/V","16.dd",437,"3.5",0.375,"+M2","-M6",2,-9,"offbeat","step","leap",0.676142610185927,1
"381","V/V","32f",438,"3.875",0.125,"-M6","+M2",-9,2,"offbeat","leap","step",0.894979869872285,1
"382","V/V","16g",439,"4",0.25,"+M2","-M3",2,-4,"onbeat","step","leap",0.986440792349549,1
"383","V/V","16e-",440,"4.25",0.25,"-M3","-m3",-4,-3,"offbeat","leap","leap",0.973211439846859,1
"384","V/V","16c",441,"4.5",0.25,"-m3","-m3",-3,-3,"offbeat","leap","leap",0.973211439846859,1
"385","V/V","16A",442,"4.75",0.25,"-m3","+m2",-3,1,"offbeat","leap","step",0.911745018777,1
"386","V","4B-",444,"1",1,"+m2","+P12",1,19,"onbeat","step","leap",0.978658599750936,1
"390","V","16ff",448,"2",0.25,"+P12","-m3",19,-3,"onbeat","leap","leap",0.996823745609426,1
"391","V","16dd",449,"2.25",0.25,"-m3","+P4",-3,5,"offbeat","leap","leap",0.973211439846859,1
"392","V","16gg",450,"2.5",0.25,"+P4","-M3",5,-4,"offbeat","leap","leap",0.973211439846859,1
"393","V","16ee-",451,"2.75",0.25,"-M3","+M2",-4,2,"offbeat","leap","step",0.911745018777,1
"394","V","8.ff",452,"3",0.75,"+M2","-m3",2,-3,"onbeat","step","leap",0.98164573451017,1
"397","V","16dd",455,"3.75",0.25,"-m3","+m2",-3,1,"offbeat","leap","step",0.911745018777,1
"398","V","16ee-",456,"4",0.25,"+m2","-m3",1,-3,"onbeat","step","leap",0.986440792349549,1
"399","V","16cc",457,"4.25",0.25,"-m3","-M2",-3,-2,"offbeat","leap","step",0.911745018777,1
"400","Ic","16b-",458,"4.5",0.25,"-M2","-m2",-2,-1,"offbeat","step","step",0.39067442106658,0
"401","Ic","16a",459,"4.75",0.25,"-m2","+m2",-1,1,"offbeat","step","step",0.39067442106658,0
"402","V","8.b-",461,"1",0.75,"+m2","+M3",1,4,"onbeat","step","leap",0.98164573451017,1
"405","V","16dd",464,"1.75",0.25,"+M3","+m3",4,3,"offbeat","leap","leap",0.973211439846859,1
"406","V","16ff",465,"2",0.25,"+m3","-m3",3,-3,"onbeat","leap","leap",0.996823745609426,1
"407","V","16dd",466,"2.25",0.25,"-m3","+P4",-3,5,"offbeat","leap","leap",0.973211439846859,1
"408","V","16gg",467,"2.5",0.25,"+P4","-M3",5,-4,"offbeat","leap","leap",0.973211439846859,1
"409","V","16ee-",468,"2.75",0.25,"-M3","+M2",-4,2,"offbeat","leap","step",0.911745018777,1
"410","V","8.ff",469,"3",0.75,"+M2","-m3",2,-3,"onbeat","step","leap",0.98164573451017,1
"413","V","16dd",472,"3.75",0.25,"-m3","+m2",-3,1,"offbeat","leap","step",0.911745018777,1
"414","V","16ee-",473,"4",0.25,"+m2","-m3",1,-3,"onbeat","step","leap",0.986440792349549,1
"415","V","16cc",474,"4.25",0.25,"-m3","-M2",-3,-2,"offbeat","leap","step",0.911745018777,1
"416","Ic","16b-",475,"4.5",0.25,"-M2","-m2",-2,-1,"offbeat","step","step",0.39067442106658,0
"417","Ic","16a",476,"4.75",0.25,"-m2","+m2",-1,1,"offbeat","step","step",0.39067442106658,0
"418","V","[4b-",478,"1",1,"+m2","-m2",1,-1,"onbeat","step","step",0.80152356213528,1
"423","V","16a",483,"2.25",0.25,"-m2","+m3",-1,3,"offbeat","step","leap",0.692752247568506,1
"424","V","16cc",484,"2.5",0.25,"+m3","-M2",3,-2,"offbeat","leap","step",0.911745018777,1
"425","V","16b-",485,"2.75",0.25,"-M2","+M3",-2,4,"offbeat","step","leap",0.692752247568506,1
"426","V","16dd",486,"3",0.25,"+M3","-M2",4,-2,"onbeat","leap","step",0.845898976968717,1
"427","V","16cc",487,"3.25",0.25,"-M2","+m3",-2,3,"offbeat","step","leap",0.692752247568506,1
"428","V","16ee-",488,"3.5",0.25,"+m3","-m2",3,-1,"offbeat","leap","step",0.911745018777,1
"429","V","16dd",489,"3.75",0.25,"-m2","+m3",-1,3,"offbeat","step","leap",0.692752247568506,1
"430","V","16ff",490,"4",0.25,"+m3","-M2",3,-2,"onbeat","leap","step",0.845898976968717,1
"431","V","16ee-",491,"4.25",0.25,"-M2","+M3",-2,4,"offbeat","step","leap",0.692752247568506,1
"432","V","16gg",492,"4.5",0.25,"+M3","-M2",4,-2,"offbeat","leap","step",0.911745018777,1
"433","V","16ff",493,"4.75",0.25,"-M2","+m3",-2,3,"offbeat","step","leap",0.692752247568506,1
"435","V","4.aa-",496,"1",1.5,"+m3","-m2",3,-1,"onbeat","leap","step",0.974108350721566,1
"436","V","8gg",497,"2.5",0.5,"-m2","-M2",-1,-2,"offbeat","step","step",0.485125363073619,0
"437","V","8ff",498,"3",0.5,"-M2","-M2",-2,-2,"onbeat","step","step",0.651563710525005,1
"438","V","8ee-",499,"3.5",0.5,"-M2","-m2",-2,-1,"offbeat","step","step",0.485125363073619,0
"439","V","8dd",500,"4",0.5,"-m2","-M2",-1,-2,"onbeat","step","step",0.651563710525005,1
"440","V","8cc",501,"4.5",0.5,"-M2","+m6",-2,8,"offbeat","step","leap",0.659076951088574,1
"441","V","4.aa-",503,"1",1.5,"+m6","-m2",8,-1,"onbeat","leap","step",0.974108350721566,1
"442","V","8gg",504,"2.5",0.5,"-m2","-M2",-1,-2,"offbeat","step","step",0.485125363073619,0
"443","V","8ff",505,"3",0.5,"-M2","-M2",-2,-2,"onbeat","step","step",0.651563710525005,1
"444","V","8ee-",506,"3.5",0.5,"-M2","-m2",-2,-1,"offbeat","step","step",0.485125363073619,0
"445","V","8dd",507,"4",0.5,"-m2","-M2",-1,-2,"onbeat","step","step",0.651563710525005,1
"446","V","8cc",508,"4.5",0.5,"-M2","-m2",-2,-1,"offbeat","step","step",0.485125363073619,0
"447","V/vi","8b",510,"1",0.5,"-m2","+m3",-1,3,"onbeat","step","leap",0.984221503911271,1
"448","V/vi","8dd",511,"1.5",0.5,"+m3","+m2",3,1,"offbeat","leap","step",0.93820188687144,1
"449","III","8ee-",512,"2",0.5,"+m2","-m3",1,-3,"onbeat","step","leap",0.984221503911271,1
"450","III","8cc",513,"2.5",0.5,"-m3","-m2",-3,-1,"offbeat","leap","step",0.93820188687144,1
"451","III","8b",514,"3",0.5,"-m2","P1",-1,0,"onbeat","step","unison",0.947551330205483,1
"452","III","8b",515,"3.5",0.5,"P1","+m2",0,1,"offbeat","unison","step",0.941153459775535,1
"453","III","8cc",516,"4",0.5,"+m2","-d5",1,-6,"onbeat","step","leap",0.984221503911271,1
"454","III","8f#",517,"4.5",0.5,"-d5","+m2",-6,1,"offbeat","leap","step",0.93820188687144,1
"455","III","[1g",520,"1",4,"+m2","-m2",1,-1,"onbeat","step","step",0.997565045160521,1
"464","III","16f#",530,"1.75",0.25,"-m2","+m2",-1,1,"offbeat","step","step",0.39067442106658,0
"465","III","8.g",531,"2",0.75,"+m2","-m2",1,-1,"onbeat","step","step",0.733192699045943,1
"466","III","16f#",532,"2.75",0.25,"-m2","+m2",-1,1,"offbeat","step","step",0.39067442106658,0
"467","III","4g",533,"3",1,"+m2","P1",1,0,"onbeat","step","unison",0.973915443787871,1
"468","III","16g",534,"4",0.25,"P1","+m2",0,1,"onbeat","unison","step",0.670927435898348,1
"469","III","16a-",535,"4.25",0.25,"+m2","-m2",1,-1,"offbeat","step","step",0.39067442106658,0
"470","III","16g",536,"4.5",0.25,"-m2","+m2",-1,1,"offbeat","step","step",0.39067442106658,0
"471","III","16a-",537,"4.75",0.25,"+m2","+M2",1,2,"offbeat","step","step",0.39067442106658,0
"472","I","4b-",539,"1",1,"+M2","+M2",2,2,"onbeat","step","step",0.80152356213528,1
"474","I","8cc",541,"2",0.5,"+M2","-M3",2,-4,"onbeat","step","leap",0.984221503911271,1
"475","I","8a-",542,"2.5",0.5,"-M3","-m2",-4,-1,"offbeat","leap","step",0.93820188687144,1
"476","I","4g",543,"3",1,"-m2","+m2",-1,1,"onbeat","step","step",0.80152356213528,1
"478","I","8a-",545,"4",0.5,"+m2","-m3",1,-3,"onbeat","step","leap",0.984221503911271,1
"479","I","8f",546,"4.5",0.5,"-m3","-M2",-3,-2,"offbeat","leap","step",0.93820188687144,1
"480","I","4e-",548,"1",1,"-M2","-m2",-2,-1,"onbeat","step","step",0.80152356213528,1
"482","I","8d",550,"2",0.5,"-m2","-M2",-1,-2,"onbeat","step","step",0.651563710525005,1
"483","I","8c",551,"2.5",0.5,"-M2","-M2",-2,-2,"offbeat","step","step",0.485125363073619,0
"484","I","8B-",552,"3",0.5,"-M2","P1",-2,0,"onbeat","step","unison",0.947551330205483,1
"485","I","8B-",553,"3.5",0.5,"P1","P1",0,0,"offbeat","unison","unison",0.995281514828136,1
"486","I","8B-",554,"4",0.5,"P1","P1",0,0,"onbeat","unison","unison",0.966607821445795,1
"487","I","8B-",555,"4.5",0.5,"P1","P1",0,0,"offbeat","unison","unison",0.995281514828136,1
"488","I","4.B-",557,"1",1.5,"P1","+M2",0,2,"onbeat","unison","step",0.933217248590537,1
"491","I","16c",560,"2.5",0.25,"+M2","+M2",2,2,"offbeat","step","step",0.39067442106658,0
"492","I","16d",561,"2.75",0.25,"+M2","+m2",2,1,"offbeat","step","step",0.39067442106658,0
"493","I","8e-",562,"3",0.5,"+m2","+P8",1,12,"onbeat","step","leap",0.984221503911271,1
"494","I","8ee-",563,"3.5",0.5,"+P8","P1",12,0,"offbeat","leap","unison",0.995030513931936,1
"495","I","8ee-",564,"4",0.5,"P1","P1",0,0,"onbeat","unison","unison",0.966607821445795,1
"496","I","8ee-",565,"4.5",0.5,"P1","P1",0,0,"offbeat","unison","unison",0.995281514828136,1
"497","I","4.ee-",567,"1",1.5,"P1","+M2",0,2,"onbeat","unison","step",0.933217248590537,1
"500","I","16ff",570,"2.5",0.25,"+M2","+M2",2,2,"offbeat","step","step",0.39067442106658,0
"501","I","16gg",571,"2.75",0.25,"+M2","+m2",2,1,"offbeat","step","step",0.39067442106658,0
"502","ii","8aa-",572,"3",0.5,"+m2","-m6",1,-8,"onbeat","step","leap",0.984221503911271,1
"504","ii","8cc",574,"3.5",0.5,"-m6","P1",-8,0,"offbeat","leap","unison",0.995030513931936,1
"505","ii","8cc",575,"4",0.5,"P1","P1",0,0,"onbeat","unison","unison",0.966607821445795,1
"506","ii","8cc",576,"4.5",0.5,"P1","P1",0,0,"offbeat","unison","unison",0.995281514828136,1
"507","ii","4.cc",578,"1",1.5,"P1","+M2",0,2,"onbeat","unison","step",0.933217248590537,1
"510","ii","16dd",581,"2.5",0.25,"+M2","+M2",2,2,"offbeat","step","step",0.39067442106658,0
"511","ii","16ee",582,"2.75",0.25,"+M2","+m2",2,1,"offbeat","step","step",0.39067442106658,0
"512","V","8ff",583,"3",0.5,"+m2","P1",1,0,"onbeat","step","unison",0.947551330205483,1
"513","V","8ff",584,"3.5",0.5,"P1","P1",0,0,"offbeat","unison","unison",0.995281514828136,1
"514","V","8ff",585,"4",0.5,"P1","P1",0,0,"onbeat","unison","unison",0.966607821445795,1
"515","V","8ff",586,"4.5",0.5,"P1","P1",0,0,"offbeat","unison","unison",0.995281514828136,1
"516","V","4.ff",588,"1",1.5,"P1","+M2",0,2,"onbeat","unison","step",0.933217248590537,1
"519","V","16gg",591,"2.5",0.25,"+M2","+m2",2,1,"offbeat","step","step",0.39067442106658,0
"520","V","16aa-",592,"2.75",0.25,"+m2","+M2",1,2,"offbeat","step","step",0.39067442106658,0
"521","V","8bb-",593,"3",0.5,"+M2","+M2",2,2,"onbeat","step","step",0.651563710525005,1
"522","V","8ccc",594,"3.5",0.5,"+M2","+m2",2,1,"offbeat","step","step",0.485125363073619,0
"523","V","8ddd-",595,"4",0.5,"+m2","P1",1,0,"onbeat","step","unison",0.947551330205483,1
"524","V","8ddd-",596,"4.5",0.5,"P1","P1",0,0,"offbeat","unison","unison",0.995281514828136,1
"525","Vb/ii","8ddd-",598,"1",0.5,"P1","-m2",0,-1,"onbeat","unison","step",0.749762270426289,1
"526","Vb/ii","4ccc",599,"1.5",1,"-m2","-M2",-1,-2,"offbeat","step","step",0.670491325439495,1
"528","Vb/ii","4bb-",601,"2.5",1,"-M2","-M2",-2,-2,"offbeat","step","step",0.670491325439495,1
"531","ii","8aa-",604,"3.5",0.5,"-M2","-m13",-2,-20,"offbeat","step","leap",0.659076951088574,1
"537","ii","16c",611,"1",0.25,"-m13","+m6",-20,8,"onbeat","leap","leap",0.996823745609426,1
"538","ii","16a-",612,"1.25",0.25,"+m6","-m3",8,-3,"offbeat","leap","leap",0.973211439846859,1
"539","ii","16f",613,"1.5",0.25,"-m3","+P5",-3,7,"offbeat","leap","leap",0.973211439846859,1
"540","ii","16cc",614,"1.75",0.25,"+P5","-M3",7,-4,"offbeat","leap","leap",0.973211439846859,1
"541","ii","16a-",615,"2",0.25,"-M3","+M6",-4,9,"onbeat","leap","leap",0.996823745609426,1
"542","ii","16ff",616,"2.25",0.25,"+M6","-P4",9,-5,"offbeat","leap","leap",0.973211439846859,1
"543","ii","16cc",617,"2.5",0.25,"-P4","+m6",-5,8,"offbeat","leap","leap",0.973211439846859,1
"544","ii","16aa-",618,"2.75",0.25,"+m6","+M2",8,2,"offbeat","leap","step",0.911745018777,1
"545","V7b/ii","4bb-",619,"3",1,"+M2","-d12",2,-18,"onbeat","step","leap",0.978658599750936,1
"553","V7b/ii","16e",628,"1",0.25,"-d12","+m6",-18,8,"onbeat","leap","leap",0.996823745609426,1
"554","V7b/ii","16cc",629,"1.25",0.25,"+m6","-P4",8,-5,"offbeat","leap","leap",0.973211439846859,1
"555","V7b/ii","16g",630,"1.5",0.25,"-P4","+M6",-5,9,"offbeat","leap","leap",0.973211439846859,1
"556","V7b/ii","16ee",631,"1.75",0.25,"+M6","-M3",9,-4,"offbeat","leap","leap",0.973211439846859,1
"557","V7b/ii","16cc",632,"2",0.25,"-M3","+P5",-4,7,"onbeat","leap","leap",0.996823745609426,1
"558","V7b/ii","16gg",633,"2.25",0.25,"+P5","-m3",7,-3,"offbeat","leap","leap",0.973211439846859,1
"559","V7b/ii","16ee",634,"2.5",0.25,"-m3","+d5",-3,6,"offbeat","leap","leap",0.973211439846859,1
"560","V7b/ii","16bb-",635,"2.75",0.25,"+d5","-M2",6,-2,"offbeat","leap","step",0.911745018777,1
"561","ii","4aa-",636,"3",1,"-M2","-m13",-2,-20,"onbeat","step","leap",0.978658599750936,1
"569","ii","16c",645,"1",0.25,"-m13","+m6",-20,8,"onbeat","leap","leap",0.996823745609426,1
"570","ii","16a-",646,"1.25",0.25,"+m6","-m3",8,-3,"offbeat","leap","leap",0.973211439846859,1
"571","ii","16f",647,"1.5",0.25,"-m3","+P5",-3,7,"offbeat","leap","leap",0.973211439846859,1
"572","ii","16cc",648,"1.75",0.25,"+P5","-M3",7,-4,"offbeat","leap","leap",0.973211439846859,1
"573","ii","16a-",649,"2",0.25,"-M3","+M6",-4,9,"onbeat","leap","leap",0.996823745609426,1
"574","ii","16ff",650,"2.25",0.25,"+M6","-P4",9,-5,"offbeat","leap","leap",0.973211439846859,1
"575","ii","16cc",651,"2.5",0.25,"-P4","+m6",-5,8,"offbeat","leap","leap",0.973211439846859,1
"576","ii","16aa-",652,"2.75",0.25,"+m6","P1",8,0,"offbeat","leap","unison",0.992871422828082,1
"577","Vb","4aa-",653,"3",1,"P1","-m14",0,-22,"onbeat","unison","leap",0.986572858240624,1
"585","Vb","16B-",662,"1",0.25,"-m14","+P5",-22,7,"onbeat","leap","leap",0.996823745609426,1
"586","Vb","16f",663,"1.25",0.25,"+P5","-m3",7,-3,"offbeat","leap","leap",0.973211439846859,1
"587","Vb","16d",664,"1.5",0.25,"-m3","+m6",-3,8,"offbeat","leap","leap",0.973211439846859,1
"588","Vb","16b-",665,"1.75",0.25,"+m6","-P4",8,-5,"offbeat","leap","leap",0.973211439846859,1
"589","Vb","16f",666,"2",0.25,"-P4","+M6",-5,9,"onbeat","leap","leap",0.996823745609426,1
"590","Vb","16dd",667,"2.25",0.25,"+M6","-M3",9,-4,"offbeat","leap","leap",0.973211439846859,1
"591","Vb","16b-",668,"2.5",0.25,"-M3","+m7",-4,10,"offbeat","leap","leap",0.973211439846859,1
"592","Vb","16aa-",669,"2.75",0.25,"+m7","-m2",10,-1,"offbeat","leap","step",0.911745018777,1
"593","I","4gg",670,"3",1,"-m2","-M13",-1,-21,"onbeat","step","leap",0.978658599750936,1
"601","I","16B-",679,"1",0.25,"-M13","+M6",-21,9,"onbeat","leap","leap",0.996823745609426,1
"602","I","16g",680,"1.25",0.25,"+M6","-M3",9,-4,"offbeat","leap","leap",0.973211439846859,1
"603","I","16e-",681,"1.5",0.25,"-M3","+P5",-4,7,"offbeat","leap","leap",0.973211439846859,1
"604","I","16b-",682,"1.75",0.25,"+P5","-m3",7,-3,"offbeat","leap","leap",0.973211439846859,1
"605","I","16g",683,"2",0.25,"-m3","+m6",-3,8,"onbeat","leap","leap",0.996823745609426,1
"606","I","16ee-",684,"2.25",0.25,"+m6","-P4",8,-5,"offbeat","leap","leap",0.973211439846859,1
"607","I","16b-",685,"2.5",0.25,"-P4","+M6",-5,9,"offbeat","leap","leap",0.973211439846859,1
"608","I","16gg",686,"2.75",0.25,"+M6","-M2",9,-2,"offbeat","leap","step",0.911745018777,1
"609","V7b/vi","4ff",687,"3",1,"-M2","-d12",-2,-18,"onbeat","step","leap",0.978658599750936,1
"617","V7b/vi","16B",696,"1",0.25,"-d12","+m6",-18,8,"onbeat","leap","leap",0.996823745609426,1
"618","V7b/vi","16g",697,"1.25",0.25,"+m6","-P4",8,-5,"offbeat","leap","leap",0.973211439846859,1
"619","V7b/vi","16d",698,"1.5",0.25,"-P4","+M6",-5,9,"offbeat","leap","leap",0.973211439846859,1
"620","V7b/vi","16b",699,"1.75",0.25,"+M6","-M3",9,-4,"offbeat","leap","leap",0.973211439846859,1
"621","V7b/vi","16g",700,"2",0.25,"-M3","+P5",-4,7,"onbeat","leap","leap",0.996823745609426,1
"622","V7b/vi","16dd",701,"2.25",0.25,"+P5","-m3",7,-3,"offbeat","leap","leap",0.973211439846859,1
"623","V7b/vi","16b",702,"2.5",0.25,"-m3","+d5",-3,6,"offbeat","leap","leap",0.973211439846859,1
"624","V7b/vi","16ff",703,"2.75",0.25,"+d5","-M2",6,-2,"offbeat","leap","step",0.911745018777,1
"625","vi","4ee-",704,"3",1,"-M2","-m10",-2,-15,"onbeat","step","leap",0.978658599750936,1
"633","vi","16c",713,"1",0.25,"-m10","+P5",-15,7,"onbeat","leap","leap",0.996823745609426,1
"634","vi","16g",714,"1.25",0.25,"+P5","-M3",7,-4,"offbeat","leap","leap",0.973211439846859,1
"635","vi","16e-",715,"1.5",0.25,"-M3","+M6",-4,9,"offbeat","leap","leap",0.973211439846859,1
"636","vi","16cc",716,"1.75",0.25,"+M6","-P4",9,-5,"offbeat","leap","leap",0.973211439846859,1
"637","vi","16g",717,"2",0.25,"-P4","+m6",-5,8,"onbeat","leap","leap",0.996823745609426,1
"638","vi","16ee-",718,"2.25",0.25,"+m6","-m3",8,-3,"offbeat","leap","leap",0.973211439846859,1
"639","vi","16cc",719,"2.5",0.25,"-m3","+P5",-3,7,"offbeat","leap","leap",0.973211439846859,1
"640","vi","16gg",720,"2.75",0.25,"+P5","+m2",7,1,"offbeat","leap","step",0.911745018777,1
"641","viioD7c/vi","4aa-",721,"3",1,"+m2","-m2",1,-1,"onbeat","step","step",0.80152356213528,1
"649","vi","4gg",730,"1",1,"-m2","-M2",-1,-2,"onbeat","step","step",0.80152356213528,1
"653","vi","16ff",734,"2",0.25,"-M2","-M2",-2,-2,"onbeat","step","step",0.559949642180402,1
"654","vi","16ee-",735,"2.25",0.25,"-M2","-m2",-2,-1,"offbeat","step","step",0.39067442106658,0
"655","vi","16dd",736,"2.5",0.25,"-m2","-M2",-1,-2,"offbeat","step","step",0.39067442106658,0
"656","vi","16cc",737,"2.75",0.25,"-M2","+m6",-2,8,"offbeat","step","leap",0.692752247568506,1
"657","viioD7c/vi","2aa-",738,"3",2,"+m6","-m2",8,-1,"onbeat","leap","step",0.987841890268467,1
"665","vi","4gg",747,"1",1,"-m2","-M2",-1,-2,"onbeat","step","step",0.80152356213528,1
"669","vi","16ff",751,"2",0.25,"-M2","-M2",-2,-2,"onbeat","step","step",0.559949642180402,1
"670","vi","16ee-",752,"2.25",0.25,"-M2","-m2",-2,-1,"offbeat","step","step",0.39067442106658,0
"671","vi","16dd",753,"2.5",0.25,"-m2","-M2",-1,-2,"offbeat","step","step",0.39067442106658,0
"672","vi","16cc",754,"2.75",0.25,"-M2","+m2",-2,1,"offbeat","step","step",0.39067442106658,0
"673","Nb/vi","16dd-",755,"3",0.25,"+m2","P1",1,0,"onbeat","step","unison",0.926292033809116,1
"674","Nb/vi","16dd-",756,"3.25",0.25,"P1","-m2",0,-1,"offbeat","unison","step",0.91584687042597,1
"675","Nb/vi","16cc",757,"3.5",0.25,"-m2","+m2",-1,1,"offbeat","step","step",0.39067442106658,0
"676","Nb/vi","16dd-",758,"3.75",0.25,"+m2","+M2",1,2,"offbeat","step","step",0.39067442106658,0
"677","Nb/vi","16ee-",759,"4",0.25,"+M2","-M2",2,-2,"onbeat","step","step",0.559949642180402,1
"678","Nb/vi","16dd-",760,"4.25",0.25,"-M2","+M3",-2,4,"offbeat","step","leap",0.692752247568506,1
"679","Nb/vi","16ff",761,"4.5",0.25,"+M3","-M3",4,-4,"offbeat","leap","leap",0.973211439846859,1
"680","Nb/vi","16dd-",762,"4.75",0.25,"-M3","+P5",-4,7,"offbeat","leap","leap",0.973211439846859,1
"681","Nb/vi","4aa-",764,"1",1,"+P5","-m2",7,-1,"onbeat","leap","step",0.945714206375741,1
"682","Nb/vi","16gg",765,"2",0.25,"-m2","-M2",-1,-2,"onbeat","step","step",0.559949642180402,1
"683","Nb/vi","16ff",766,"2.25",0.25,"-M2","-M2",-2,-2,"offbeat","step","step",0.39067442106658,0
"684","Nb/vi","16ee-",767,"2.5",0.25,"-M2","-m2",-2,-1,"offbeat","step","step",0.39067442106658,0
"685","Nb/vi","16dd",768,"2.75",0.25,"-m2","-M2",-1,-2,"offbeat","step","step",0.39067442106658,0
"686","viioD7/V/vi","4.cc",769,"3",1.5,"-M2","+M2",-2,2,"onbeat","step","step",0.897133086773248,1
"690","V7/vi","8dd",773,"4.5",0.5,"+M2","+m2",2,1,"offbeat","step","step",0.485125363073619,0
"692","vi","16ee-",776,"1.25",0.25,"+m2","+P4",1,5,"offbeat","step","leap",0.692752247568506,1
"693","vi","16aa-",777,"1.5",0.25,"+P4","-m2",5,-1,"offbeat","leap","step",0.911745018777,1
"694","vi","16gg",778,"1.75",0.25,"-m2","P1",-1,0,"offbeat","step","unison",0.896310039180105,1
"695","vi","8gg",779,"2",0.5,"P1","-M3",0,-4,"onbeat","unison","leap",0.990093693344501,1
"700","vi","16ee-",784,"3.25",0.25,"-M3","+P4",-4,5,"offbeat","leap","leap",0.973211439846859,1
"701","vi","16aa-",785,"3.5",0.25,"+P4","-m2",5,-1,"offbeat","leap","step",0.911745018777,1
"702","vi","16gg",786,"3.75",0.25,"-m2","P1",-1,0,"offbeat","step","unison",0.896310039180105,1
"703","vi","8gg",787,"4",0.5,"P1","-P5",0,-7,"onbeat","unison","leap",0.990093693344501,1
"708","vi","16cc",793,"1.25",0.25,"-P5","+M7",-7,11,"offbeat","leap","leap",0.973211439846859,1
"709","vi","16bb",794,"1.5",0.25,"+M7","+m2",11,1,"offbeat","leap","step",0.911745018777,1
"710","vi","16ccc",795,"1.75",0.25,"+m2","P1",1,0,"offbeat","step","unison",0.896310039180105,1
"711","vi","8ccc",796,"2",0.5,"P1","-M6",0,-9,"onbeat","unison","leap",0.990093693344501,1
"712","vi","8ee-",797,"2.5",0.5,"-M6","-m2",-9,-1,"offbeat","leap","step",0.93820188687144,1
"713","iiob/vi","8dd",798,"3",0.5,"-m2","+d5",-1,6,"onbeat","step","leap",0.984221503911271,1
"714","iiob/vi","8aa-",799,"3.5",0.5,"+d5","-m2",6,-1,"offbeat","leap","step",0.93820188687144,1
"715","V/vi","8gg",800,"4",0.5,"-m2","-m6",-1,-8,"onbeat","step","leap",0.984221503911271,1
"716","V/vi","8b",801,"4.5",0.5,"-m6","+m2",-8,1,"offbeat","leap","step",0.93820188687144,1
"717","vi","4cc",803,"1",1,"+m2","P1",1,0,"onbeat","step","unison",0.973915443787871,1
"725","vi","4cc",812,"1",1,"P1","+m2",0,1,"onbeat","unison","step",0.866141960929531,1
"727","vi","8dd-",814,"2",0.5,"+m2","-m3",1,-3,"onbeat","step","leap",0.984221503911271,1
"728","vi","8b-",815,"2.5",0.5,"-m3","-M2",-3,-2,"offbeat","leap","step",0.93820188687144,1
"729","ii","4a-",816,"3",1,"-M2","+M2",-2,2,"onbeat","step","step",0.80152356213528,1
"731","ii","8b-",818,"4",0.5,"+M2","-m3",2,-3,"onbeat","step","leap",0.984221503911271,1
"732","ii","8g",819,"4.5",0.5,"-m3","-M2",-3,-2,"offbeat","leap","step",0.93820188687144,1
"733","ii","4f",821,"1",1,"-M2","+P8",-2,12,"onbeat","step","leap",0.978658599750936,1
"737","ii","4ff",825,"3",1,"+P8","+m2",12,1,"onbeat","leap","step",0.945714206375741,1
"739","V7/V","8gg-",827,"4",0.5,"+m2","-m3",1,-3,"onbeat","step","leap",0.984221503911271,1
"740","V7/V","8ee-",828,"4.5",0.5,"-m3","-M2",-3,-2,"offbeat","leap","step",0.93820188687144,1
"741","v","4dd-",830,"1",1,"-M2","+M2",-2,2,"onbeat","step","step",0.80152356213528,1
"743","v","8ee-",832,"2",0.5,"+M2","-m3",2,-3,"onbeat","step","leap",0.984221503911271,1
"744","v","8cc",833,"2.5",0.5,"-m3","-M2",-3,-2,"offbeat","leap","step",0.93820188687144,1
"745","v","4b-",834,"3",1,"-M2","+P4",-2,5,"onbeat","step","leap",0.978658599750936,1
"749","V7/IV","4ee-",839,"1",1,"+P4","+M2",5,2,"onbeat","leap","step",0.945714206375741,1
"751","V7/IV","8ff",841,"2",0.5,"+M2","-M3",2,-4,"onbeat","step","leap",0.984221503911271,1
"752","V7/IV","8dd-",842,"2.5",0.5,"-M3","-m2",-4,-1,"offbeat","leap","step",0.93820188687144,1
"753","IVc","4cc",843,"3",1,"-m2","+m2",-1,1,"onbeat","step","step",0.80152356213528,1
"755","IVc","8dd-",845,"4",0.5,"+m2","-m3",1,-3,"onbeat","step","leap",0.984221503911271,1
"756","IVc","8b-",846,"4.5",0.5,"-m3","-M2",-3,-2,"offbeat","leap","step",0.93820188687144,1
"757","IV","4a-",848,"1",1,"-M2","-m2",-2,-1,"onbeat","step","step",0.80152356213528,1
"759","IV","8g",850,"2",0.5,"-m2","-M2",-1,-2,"onbeat","step","step",0.651563710525005,1
"760","IV","8f",851,"2.5",0.5,"-M2","-M2",-2,-2,"offbeat","step","step",0.485125363073619,0
"761","IV","8e-",852,"3",0.5,"-M2","P1",-2,0,"onbeat","step","unison",0.947551330205483,1
"762","IV","8e-",853,"3.5",0.5,"P1","P1",0,0,"offbeat","unison","unison",0.995281514828136,1
"763","IV","8e-",854,"4",0.5,"P1","P1",0,0,"onbeat","unison","unison",0.966607821445795,1
"764","IV","8e-",855,"4.5",0.5,"P1","P1",0,0,"offbeat","unison","unison",0.995281514828136,1
"765","IV","4.e-",857,"1",1.5,"P1","+M2",0,2,"onbeat","unison","step",0.933217248590537,1
"768","IV","16f",860,"2.5",0.25,"+M2","+M2",2,2,"offbeat","step","step",0.39067442106658,0
"769","IV","16g",861,"2.75",0.25,"+M2","+m2",2,1,"offbeat","step","step",0.39067442106658,0
"770","IV","8a-",862,"3",0.5,"+m2","+P5",1,7,"onbeat","step","leap",0.984221503911271,1
"771","IV","8ee-",863,"3.5",0.5,"+P5","P1",7,0,"offbeat","leap","unison",0.995030513931936,1
"772","IV","8ee-",864,"4",0.5,"P1","P1",0,0,"onbeat","unison","unison",0.966607821445795,1
"773","IV","8ee-",865,"4.5",0.5,"P1","P1",0,0,"offbeat","unison","unison",0.995281514828136,1
"774","IV","4.ee-",867,"1",1.5,"P1","+M2",0,2,"onbeat","unison","step",0.933217248590537,1
"777","IV","16ff",870,"2.5",0.25,"+M2","+M2",2,2,"offbeat","step","step",0.39067442106658,0
"778","IV","16gg",871,"2.75",0.25,"+M2","+m2",2,1,"offbeat","step","step",0.39067442106658,0
"779","IV","8aa-",872,"3",0.5,"+m2","+M2",1,2,"onbeat","step","step",0.651563710525005,1
"781","IV","16bb-",874,"3.75",0.25,"+M2","+M2",2,2,"offbeat","step","step",0.39067442106658,0
"782","IV","8ccc",875,"4",0.5,"+M2","-M2",2,-2,"onbeat","step","step",0.651563710525005,1
"784","IV","16bb-",877,"4.75",0.25,"-M2","-M2",-2,-2,"offbeat","step","step",0.39067442106658,0
"785","IV","8aa-",879,"1",0.5,"-M2","-m2",-2,-1,"onbeat","step","step",0.651563710525005,1
"787","IV","16gg",881,"1.75",0.25,"-m2","-M2",-1,-2,"offbeat","step","step",0.39067442106658,0
"788","IV","8ff",882,"2",0.5,"-M2","-M2",-2,-2,"onbeat","step","step",0.651563710525005,1
"790","IV","16ee-",884,"2.75",0.25,"-M2","-m2",-2,-1,"offbeat","step","step",0.39067442106658,0
"791","V7d","8dd",885,"3",0.5,"-m2","+m6",-1,8,"onbeat","step","leap",0.984221503911271,1
"795","V7d","16bb-",889,"4.75",0.25,"+m6","-M2",8,-2,"offbeat","leap","step",0.911745018777,1
"796","V7d","8aa-",891,"1",0.5,"-M2","-m2",-2,-1,"onbeat","step","step",0.651563710525005,1
"799","V7d","16gg",894,"2.75",0.25,"-m2","-M2",-1,-2,"offbeat","step","step",0.39067442106658,0
"800","V7d","8ff",895,"3",0.5,"-M2","-M2",-2,-2,"onbeat","step","step",0.651563710525005,1
"802","V7d","16ee-",897,"3.75",0.25,"-M2","-m2",-2,-1,"offbeat","step","step",0.39067442106658,0
"803","V7d","8dd",898,"4",0.5,"-m2","-M2",-1,-2,"onbeat","step","step",0.651563710525005,1
"805","V7d","16cc",900,"4.75",0.25,"-M2","-M2",-2,-2,"offbeat","step","step",0.39067442106658,0
"806","I","4b-",902,"1",1,"-M2","+M2",-2,2,"onbeat","step","step",0.80152356213528,1
"808","I","8cc",904,"2",0.5,"+M2","-M3",2,-4,"onbeat","step","leap",0.984221503911271,1
"809","I","8a-",905,"2.5",0.5,"-M3","-m2",-4,-1,"offbeat","leap","step",0.93820188687144,1
"810","I","4g",906,"3",1,"-m2","+m2",-1,1,"onbeat","step","step",0.80152356213528,1
"812","I","8a-",908,"4",0.5,"+m2","-m3",1,-3,"onbeat","step","leap",0.984221503911271,1
"813","I","8f",909,"4.5",0.5,"-m3","-M2",-3,-2,"offbeat","leap","step",0.93820188687144,1
"814","I","4e-",911,"1",1,"-M2","-m2",-2,-1,"onbeat","step","step",0.80152356213528,1
"816","I","8d",913,"2",0.5,"-m2","-M2",-1,-2,"onbeat","step","step",0.651563710525005,1
"817","I","8c",914,"2.5",0.5,"-M2","-M2",-2,-2,"offbeat","step","step",0.485125363073619,0
"818","I","8B-",915,"3",0.5,"-M2","P1",-2,0,"onbeat","step","unison",0.947551330205483,1
"819","I","8B-",916,"3.5",0.5,"P1","P1",0,0,"offbeat","unison","unison",0.995281514828136,1
"820","I","8B-",917,"4",0.5,"P1","P1",0,0,"onbeat","unison","unison",0.966607821445795,1
"821","I","8B-",918,"4.5",0.5,"P1","P1",0,0,"offbeat","unison","unison",0.995281514828136,1
"822","I","4.B-",920,"1",1.5,"P1","+M2",0,2,"onbeat","unison","step",0.933217248590537,1
"825","I","16c",923,"2.5",0.25,"+M2","+M2",2,2,"offbeat","step","step",0.39067442106658,0
"826","I","16d",924,"2.75",0.25,"+M2","+m2",2,1,"offbeat","step","step",0.39067442106658,0
"827","I","16e-",925,"3",0.25,"+m2","+M2",1,2,"onbeat","step","step",0.559949642180402,1
"828","I","16f",926,"3.25",0.25,"+M2","+M2",2,2,"offbeat","step","step",0.39067442106658,0
"829","I","16g",927,"3.5",0.25,"+M2","+m2",2,1,"offbeat","step","step",0.39067442106658,0
"830","I","16a-",928,"3.75",0.25,"+m2","+M2",1,2,"offbeat","step","step",0.39067442106658,0
"831","I","16b-",929,"4",0.25,"+M2","+M2",2,2,"onbeat","step","step",0.559949642180402,1
"832","I","16cc",930,"4.25",0.25,"+M2","+M2",2,2,"offbeat","step","step",0.39067442106658,0
"833","I","16dd",931,"4.5",0.25,"+M2","+m2",2,1,"offbeat","step","step",0.39067442106658,0
"834","I","16ee-",932,"4.75",0.25,"+m2","-P4",1,-5,"offbeat","step","leap",0.692752247568506,1
"835","I","4b-",934,"1",1,"-P4","-M2",-5,-2,"onbeat","leap","step",0.945714206375741,1
"837","I","4a-",936,"2",1,"-M2","-m2",-2,-1,"onbeat","step","step",0.80152356213528,1
"839","I","4g",938,"3",1,"-m2","+m10",-1,15,"onbeat","step","leap",0.978658599750936,1
"853","Ib","4bb-",953,"3",1,"+m10","+M2",15,2,"onbeat","leap","step",0.945714206375741,1
"855","Ib","16ccc",955,"4",0.25,"+M2","-M3",2,-4,"onbeat","step","leap",0.986440792349549,1
"856","Ib","16aa-",956,"4.25",0.25,"-M3","+M3",-4,4,"offbeat","leap","leap",0.973211439846859,1
"857","Ib","16ccc",957,"4.5",0.25,"+M3","-M3",4,-4,"offbeat","leap","leap",0.973211439846859,1
"858","Ib","16aa-",958,"4.75",0.25,"-M3","-m2",-4,-1,"offbeat","leap","step",0.911745018777,1
"859","I","4gg",960,"1",1,"-m2","-M3",-1,-4,"onbeat","step","leap",0.978658599750936,1
"865","I","16ee-",966,"3",0.25,"-M3","-m2",-4,-1,"onbeat","leap","step",0.845898976968717,1
"866","I","16dd",967,"3.25",0.25,"-m2","+m2",-1,1,"offbeat","step","step",0.39067442106658,0
"867","I","16ee-",968,"3.5",0.25,"+m2","-P4",1,-5,"offbeat","step","leap",0.692752247568506,1
"868","I","16b-",969,"3.75",0.25,"-P4","-M2",-5,-2,"offbeat","leap","step",0.911745018777,1
"869","I","16a-",970,"4",0.25,"-M2","-m2",-2,-1,"onbeat","step","step",0.559949642180402,1
"870","I","16g",971,"4.25",0.25,"-m2","-M2",-1,-2,"offbeat","step","step",0.39067442106658,0
"871","I","16f",972,"4.5",0.25,"-M2","-M2",-2,-2,"offbeat","step","step",0.39067442106658,0
"872","I","16e-",973,"4.75",0.25,"-M2","-m2",-2,-1,"offbeat","step","step",0.39067442106658,0
"873","V","8d",975,"1",0.5,"-m2","+m6",-1,8,"onbeat","step","leap",0.984221503911271,1
"874","V","8b-",976,"1.5",0.5,"+m6","P1",8,0,"offbeat","leap","unison",0.995030513931936,1
"875","V","8b-",977,"2",0.5,"P1","P1",0,0,"onbeat","unison","unison",0.966607821445795,1
"876","V","8b-",978,"2.5",0.5,"P1","+P4",0,5,"offbeat","unison","leap",0.970426953667922,1
"877","I","16ee-",979,"3",0.25,"+P4","-m2",5,-1,"onbeat","leap","step",0.845898976968717,1
"878","I","16dd",980,"3.25",0.25,"-m2","+m2",-1,1,"offbeat","step","step",0.39067442106658,0
"879","I","16ee-",981,"3.5",0.25,"+m2","-P4",1,-5,"offbeat","step","leap",0.692752247568506,1
"880","I","16b-",982,"3.75",0.25,"-P4","-M2",-5,-2,"offbeat","leap","step",0.911745018777,1
"881","I","16a-",983,"4",0.25,"-M2","-m2",-2,-1,"onbeat","step","step",0.559949642180402,1
"882","I","16g",984,"4.25",0.25,"-m2","-M2",-1,-2,"offbeat","step","step",0.39067442106658,0
"883","I","16f",985,"4.5",0.25,"-M2","-M2",-2,-2,"offbeat","step","step",0.39067442106658,0
"884","I","16e-",986,"4.75",0.25,"-M2","-m2",-2,-1,"offbeat","step","step",0.39067442106658,0
"885","Vb","8d",988,"1",0.5,"-m2","+m6",-1,8,"onbeat","step","leap",0.984221503911271,1
"886","Vb","8b-",989,"1.5",0.5,"+m6","P1",8,0,"offbeat","leap","unison",0.995030513931936,1
"887","Vb","8b-",990,"2",0.5,"P1","P1",0,0,"onbeat","unison","unison",0.966607821445795,1
"888","Vb","8b-",991,"2.5",0.5,"P1","+P4",0,5,"offbeat","unison","leap",0.970426953667922,1
"889","vi7","16ee-",993,"3",0.25,"+P4","-m2",5,-1,"onbeat","leap","step",0.845898976968717,1
"890","vi7","16dd",994,"3.25",0.25,"-m2","+m2",-1,1,"offbeat","step","step",0.39067442106658,0
"891","vi7","16ee-",995,"3.5",0.25,"+m2","-m6",1,-8,"offbeat","step","leap",0.692752247568506,1
"892","vi7","16g",996,"3.75",0.25,"-m6","+m2",-8,1,"offbeat","leap","step",0.911745018777,1
"893","ii","16a-",997,"4",0.25,"+m2","+P8",1,12,"onbeat","step","leap",0.986440792349549,1
"894","ii","16aa-",998,"4.25",0.25,"+P8","-m3",12,-3,"offbeat","leap","leap",0.973211439846859,1
"895","ii","16ff",999,"4.5",0.25,"-m3","-M2",-3,-2,"offbeat","leap","step",0.911745018777,1
"896","ii","16ee-",1000,"4.75",0.25,"-M2","-m2",-2,-1,"offbeat","step","step",0.39067442106658,0
"897","V7","16dd",1002,"1",0.25,"-m2","-M2",-1,-2,"onbeat","step","step",0.559949642180402,1
"898","V7","16cc",1003,"1.25",0.25,"-M2","+M2",-2,2,"offbeat","step","step",0.39067442106658,0
"899","V7","16dd",1004,"1.5",0.25,"+M2","-M6",2,-9,"offbeat","step","leap",0.692752247568506,1
"900","V7","16f",1005,"1.75",0.25,"-M6","+M2",-9,2,"offbeat","leap","step",0.911745018777,1
"901","IM7","16g",1006,"2",0.25,"+M2","+P5",2,7,"onbeat","step","leap",0.986440792349549,1
"902","IM7","16dd",1007,"2.25",0.25,"+P5","+m2",7,1,"offbeat","leap","step",0.911745018777,1
"903","IM7","16ee-",1008,"2.5",0.25,"+m2","-m2",1,-1,"offbeat","step","step",0.39067442106658,0
"904","IM7","16dd",1009,"2.75",0.25,"-m2","-M2",-1,-2,"offbeat","step","step",0.39067442106658,0
"905","IVM7","16cc",1010,"3",0.25,"-M2","-M2",-2,-2,"onbeat","step","step",0.559949642180402,1
"906","IVM7","16b-",1011,"3.25",0.25,"-M2","+M2",-2,2,"offbeat","step","step",0.39067442106658,0
"907","IVM7","16cc",1012,"3.5",0.25,"+M2","-M6",2,-9,"offbeat","step","leap",0.692752247568506,1
"908","IVM7","16e-",1013,"3.75",0.25,"-M6","+M2",-9,2,"offbeat","leap","step",0.911745018777,1
"909","viio","16f",1014,"4",0.25,"+M2","+P8",2,12,"onbeat","step","leap",0.986440792349549,1
"910","viio","16ff",1015,"4.25",0.25,"+P8","-m3",12,-3,"offbeat","leap","leap",0.973211439846859,1
"911","viio","16dd",1016,"4.5",0.25,"-m3","-M2",-3,-2,"offbeat","leap","step",0.911745018777,1
"912","viio","16cc",1017,"4.75",0.25,"-M2","-M2",-2,-2,"offbeat","step","step",0.39067442106658,0
"913","iiim7","16b-",1019,"1",0.25,"-M2","-m2",-2,-1,"onbeat","step","step",0.559949642180402,1
"914","iiim7","16a",1020,"1.25",0.25,"-m2","+m2",-1,1,"offbeat","step","step",0.39067442106658,0
"915","iiim7","16b-",1021,"1.5",0.25,"+m2","-m6",1,-8,"offbeat","step","leap",0.692752247568506,1
"916","iiim7","16d",1022,"1.75",0.25,"-m6","+m2",-8,1,"offbeat","leap","step",0.911745018777,1
"917","vim7","16e-",1023,"2",0.25,"+m2","+P5",1,7,"onbeat","step","leap",0.986440792349549,1
"918","vim7","16b-",1024,"2.25",0.25,"+P5","+M2",7,2,"offbeat","leap","step",0.911745018777,1
"919","vim7","16cc",1025,"2.5",0.25,"+M2","-M2",2,-2,"offbeat","step","step",0.39067442106658,0
"920","vim7","16b-",1026,"2.75",0.25,"-M2","-M2",-2,-2,"offbeat","step","step",0.39067442106658,0
"921","V/V","16a-",1027,"3",0.25,"-M2","-m2",-2,-1,"onbeat","step","step",0.559949642180402,1
"922","V/V","16g",1028,"3.25",0.25,"-m2","+m2",-1,1,"offbeat","step","step",0.39067442106658,0
"923","V/V","16a-",1029,"3.5",0.25,"+m2","-m3",1,-3,"offbeat","step","leap",0.692752247568506,1
"924","V/V","16f",1030,"3.75",0.25,"-m3","+M2",-3,2,"offbeat","leap","step",0.911745018777,1
"925","V/V","16g",1031,"4",0.25,"+M2","-M2",2,-2,"onbeat","step","step",0.559949642180402,1
"926","V/V","16f",1032,"4.25",0.25,"-M2","+M2",-2,2,"offbeat","step","step",0.39067442106658,0
"927","V/V","16g",1033,"4.5",0.25,"+M2","-M3",2,-4,"offbeat","step","leap",0.692752247568506,1
"928","V/V","16e-",1034,"4.75",0.25,"-M3","+P5",-4,7,"offbeat","leap","leap",0.973211439846859,1
"929","V","2.b-",1036,"1",3,"+P5","+m2",7,1,"onbeat","leap","step",0.997367996938301,1
"933","V","8cc-",1040,"4",0.5,"+m2","-d3",1,-2,"onbeat","step","step",0.651563710525005,1
"934","V","8a",1041,"4.5",0.5,"-d3","+m2",-2,1,"offbeat","step","step",0.485125363073619,0
"935","V","2.b-",1043,"1",3,"+m2","+m2",1,1,"onbeat","step","step",0.98874407372698,1
"939","V","8cc-",1047,"4",0.5,"+m2","-d3",1,-2,"onbeat","step","step",0.651563710525005,1
"940","V","8a",1048,"4.5",0.5,"-d3","+m2",-2,1,"offbeat","step","step",0.485125363073619,0
"941","V","8.b-",1050,"1",0.75,"+m2","-m2",1,-1,"onbeat","step","step",0.733192699045943,1
"942","V","16a",1051,"1.75",0.25,"-m2","+m2",-1,1,"offbeat","step","step",0.39067442106658,0
"943","V","8.b-",1052,"2",0.75,"+m2","-m2",1,-1,"onbeat","step","step",0.733192699045943,1
"944","V","16a",1053,"2.75",0.25,"-m2","+m2",-1,1,"offbeat","step","step",0.39067442106658,0
"945","Ib","2b-",1054,"3",2,"+m2","+m3",1,3,"onbeat","step","leap",0.961216174965712,1
"948","V7d/ii","4.dd-",1058,"1",1.5,"+m3","-m2",3,-1,"onbeat","leap","step",0.974108350721566,1
"949","V7d/ii","8cc",1059,"2.5",0.5,"-m2","P1",-1,0,"offbeat","step","unison",0.925521615272745,1
"950","V7d/ii","[2cc",1061,"3",2,"P1","+M3",0,4,"onbeat","unison","leap",0.97543644267359,1
"952","iib","16ee",1064,"1.25",0.25,"+M3","+m2",4,1,"offbeat","leap","step",0.911745018777,1
"953","iib","16ff",1065,"1.5",0.25,"+m2","+M2",1,2,"offbeat","step","step",0.39067442106658,0
"954","iib","16gg",1066,"1.75",0.25,"+M2","+m2",2,1,"offbeat","step","step",0.39067442106658,0
"955","iib","16aa-",1067,"2",0.25,"+m2","-m2",1,-1,"onbeat","step","step",0.559949642180402,1
"956","iib","16gg",1068,"2.25",0.25,"-m2","+m3",-1,3,"offbeat","step","leap",0.692752247568506,1
"957","iib","16bb-",1069,"2.5",0.25,"+m3","-M2",3,-2,"offbeat","leap","step",0.911745018777,1
"958","iib","16aa-",1070,"2.75",0.25,"-M2","+M3",-2,4,"offbeat","step","leap",0.692752247568506,1
"959","iib","8ccc",1071,"3",0.5,"+M3","-d8",4,-11,"onbeat","leap","leap",0.996297497065711,1
"961","V7d","4.cc-",1074,"1",1.5,"-d8","-m2",-11,-1,"onbeat","leap","step",0.974108350721566,1
"962","V7d","8b-",1075,"2.5",0.5,"-m2","P1",-1,0,"offbeat","step","unison",0.925521615272745,1
"963","V7d","[2b-",1076,"3",2,"P1","+M3",0,4,"onbeat","unison","leap",0.97543644267359,1
"965","Ib","16dd",1079,"1.25",0.25,"+M3","+m2",4,1,"offbeat","leap","step",0.911745018777,1
"966","Ib","16ee-",1080,"1.5",0.25,"+m2","+M2",1,2,"offbeat","step","step",0.39067442106658,0
"967","Ib","16ff",1081,"1.75",0.25,"+M2","+M2",2,2,"offbeat","step","step",0.39067442106658,0
"968","Ib","16gg",1082,"2",0.25,"+M2","-M2",2,-2,"onbeat","step","step",0.559949642180402,1
"969","Ib","16ff",1083,"2.25",0.25,"-M2","+m3",-2,3,"offbeat","step","leap",0.692752247568506,1
"970","Ib","16aa-",1084,"2.5",0.25,"+m3","-m2",3,-1,"offbeat","leap","step",0.911745018777,1
"971","Ib","16gg",1085,"2.75",0.25,"-m2","+m3",-1,3,"offbeat","step","leap",0.692752247568506,1
"972","Ib","8bb-",1086,"3",0.5,"+m3","-M2",3,-2,"onbeat","leap","step",0.889707188612599,1
"975","Ib","16aa-",1089,"4.75",0.25,"-M2","-m2",-2,-1,"offbeat","step","step",0.39067442106658,0
"976","Ib","8gg",1091,"1",0.5,"-m2","-M2",-1,-2,"onbeat","step","step",0.651563710525005,1
"978","Ib","16ff",1093,"1.75",0.25,"-M2","-M2",-2,-2,"offbeat","step","step",0.39067442106658,0
"979","Ib","8ee-",1094,"2",0.5,"-M2","-m2",-2,-1,"onbeat","step","step",0.651563710525005,1
"981","Ib","16dd",1096,"2.75",0.25,"-m2","-M2",-1,-2,"offbeat","step","step",0.39067442106658,0
"982","IV","8cc",1097,"3",0.5,"-M2","-M2",-2,-2,"onbeat","step","step",0.651563710525005,1
"986","IV","16b-",1101,"4.75",0.25,"-M2","-M2",-2,-2,"offbeat","step","step",0.39067442106658,0
"987","IV","8a-",1103,"1",0.5,"-M2","-m2",-2,-1,"onbeat","step","step",0.651563710525005,1
"989","IV","16g",1105,"1.75",0.25,"-m2","-M2",-1,-2,"offbeat","step","step",0.39067442106658,0
"990","IV","8f",1106,"2",0.5,"-M2","+P5",-2,7,"onbeat","step","leap",0.984221503911271,1
"992","IV","16cc",1108,"2.75",0.25,"+P5","-m6",7,-8,"offbeat","leap","leap",0.973211439846859,1
"993","viioD7b/ii","4e",1109,"3",1,"-m6","+m2",-8,1,"onbeat","leap","step",0.945714206375741,1
"994","iib","8f",1110,"4",0.5,"+m2","+P5",1,7,"onbeat","step","leap",0.984221503911271,1
"995","iib","16cc",1111,"4.5",0.25,"+P5","-M3",7,-4,"offbeat","leap","leap",0.973211439846859,1
"996","iib","16a-",1112,"4.75",0.25,"-M3","-m2",-4,-1,"offbeat","leap","step",0.911745018777,1
"997","Ic","4g",1114,"1",1,"-m2","-M2",-1,-2,"onbeat","step","step",0.80152356213528,1
"998","Ic","8f",1115,"2",0.5,"-M2","-M2",-2,-2,"onbeat","step","step",0.651563710525005,1
"999","Ic","32e-",1116,"2.5",0.125,"-M2","+P8",-2,12,"offbeat","step","leap",0.708876807799874,1
"1000","Ic","16.ee-",1117,"2.625",0.375,"+P8","-m2",12,-1,"offbeat","leap","step",0.926054946709961,1
"1001","iim7b","32dd",1118,"3",0.125,"-m2","-M2",-1,-2,"onbeat","step","step",0.512116786336613,1
"1002","iim7b","16.cc",1119,"3.125",0.375,"-M2","-M2",-2,-2,"offbeat","step","step",0.437331991622613,0
"1003","iim7b","32b-",1120,"3.5",0.125,"-M2","-M2",-2,-2,"offbeat","step","step",0.345934226922437,0
"1004","iim7b","16.a-",1121,"3.625",0.375,"-M2","-m2",-2,-1,"offbeat","step","step",0.437331991622613,0
"1005","iim7b","32g",1122,"4",0.125,"-m2","-M2",-1,-2,"onbeat","step","step",0.512116786336613,1
"1006","iim7b","16.f",1123,"4.125",0.375,"-M2","+P5",-2,7,"offbeat","step","leap",0.676142610185927,1
"1007","iim7b","32cc",1124,"4.5",0.125,"+P5","-M6",7,-9,"offbeat","leap","leap",0.975145398316041,1
"1008","iim7b","16.e-",1125,"4.625",0.375,"-M6","P1",-9,0,"offbeat","leap","unison",0.994047497346294,1
"1010","Ic","4e-",1128,"1",1,"P1","-m2",0,-1,"onbeat","unison","step",0.866141960929531,1
"1012","Ic","8d",1130,"2",0.5,"-m2","+d5",-1,6,"onbeat","step","leap",0.984221503911271,1
"1013","Ic","8a-",1131,"2.5",0.5,"+d5","P1",6,0,"offbeat","leap","unison",0.995030513931936,1
"1014","V7","4a-",1132,"3",1,"P1","-m2",0,-1,"onbeat","unison","step",0.866141960929531,1
"1016","V7","8g",1134,"4",0.5,"-m2","+m6",-1,8,"onbeat","step","leap",0.984221503911271,1
"1017","V7","8ee-",1135,"4.5",0.5,"+m6","P1",8,0,"offbeat","leap","unison",0.995030513931936,1
"1018","Ic","4ee-",1138,"1",1,"P1","-m2",0,-1,"onbeat","unison","step",0.866141960929531,1
"1020","Ic","8dd",1140,"2",0.5,"-m2","+d5",-1,6,"onbeat","step","leap",0.984221503911271,1
"1021","Ic","8aa-",1141,"2.5",0.5,"+d5","P1",6,0,"offbeat","leap","unison",0.995030513931936,1
"1022","V7","4.aa-",1142,"3",1.5,"P1","-P8",0,-12,"onbeat","unison","leap",0.981823643415087,1
"1025","V7","8a-",1145,"4.5",0.5,"-P8","-m2",-12,-1,"offbeat","leap","step",0.93820188687144,1
"1026","I","8g",1147,"1",0.5,"-m2","+m6",-1,8,"onbeat","step","leap",0.984221503911271,1
"1027","I","8ee-",1148,"1.5",0.5,"+m6","-M2",8,-2,"offbeat","leap","step",0.93820188687144,1
"1028","V7b/IV","8dd-",1149,"2",0.5,"-M2","-d3",-2,-2,"onbeat","step","step",0.651563710525005,1
"1029","V7b/IV","8b",1150,"2.5",0.5,"-d3","+m2",-2,1,"offbeat","step","step",0.485125363073619,0
"1030","IV","4.cc",1151,"3",1.5,"+m2","-M2",1,-2,"onbeat","step","step",0.897133086773248,1
"1033","ii","16b-",1154,"4.5",0.25,"-M2","-M2",-2,-2,"offbeat","step","step",0.39067442106658,0
"1034","ii","16a-",1155,"4.75",0.25,"-M2","-m2",-2,-1,"offbeat","step","step",0.39067442106658,0
"1035","ii","16g",1157,"1",0.25,"-m2","-M2",-1,-2,"onbeat","step","step",0.559949642180402,1
"1036","ii","16f",1158,"1.25",0.25,"-M2","-m2",-2,-1,"offbeat","step","step",0.39067442106658,0
"1037","ii","16e",1159,"1.5",0.25,"-m2","+m2",-1,1,"offbeat","step","step",0.39067442106658,0
"1038","ii","16f",1160,"1.75",0.25,"+m2","-m2",1,-1,"offbeat","step","step",0.39067442106658,0
"1039","ii","16e",1161,"2",0.25,"-m2","+m2",-1,1,"onbeat","step","step",0.559949642180402,1
"1040","ii","16f",1162,"2.25",0.25,"+m2","+m3",1,3,"offbeat","step","leap",0.692752247568506,1
"1041","ii","16a-",1163,"2.5",0.25,"+m3","-m3",3,-3,"offbeat","leap","leap",0.973211439846859,1
"1042","ii","16f",1164,"2.75",0.25,"-m3","-M2",-3,-2,"offbeat","leap","step",0.911745018777,1
"1043","ii","4.e-",1165,"3",1.5,"-M2","+M2",-2,2,"onbeat","step","step",0.897133086773248,1
"1047","V7","8f",1169,"4.5",0.5,"+M2","+M2",2,2,"offbeat","step","step",0.485125363073619,0
"1049","I","16g",1172,"1.25",0.25,"+M2","+P4",2,5,"offbeat","step","leap",0.692752247568506,1
"1050","I","16cc",1173,"1.5",0.25,"+P4","-M2",5,-2,"offbeat","leap","step",0.911745018777,1
"1051","I","16b-",1174,"1.75",0.25,"-M2","P1",-2,0,"offbeat","step","unison",0.896310039180105,1
"1052","I","8b-",1175,"2",0.5,"P1","-m3",0,-3,"onbeat","unison","leap",0.990093693344501,1
"1057","I","16g",1180,"3.25",0.25,"-m3","+P4",-3,5,"offbeat","leap","leap",0.973211439846859,1
"1058","I","16cc",1181,"3.5",0.25,"+P4","-M2",5,-2,"offbeat","leap","step",0.911745018777,1
"1059","I","16b-",1182,"3.75",0.25,"-M2","P1",-2,0,"offbeat","step","unison",0.896310039180105,1
"1060","I","8b-",1183,"4",0.5,"P1","-m3",0,-3,"onbeat","unison","leap",0.990093693344501,1
"1065","I","16g",1189,"1.25",0.25,"-m3","+m7",-3,10,"offbeat","leap","leap",0.973211439846859,1
"1066","I","16ff",1190,"1.5",0.25,"+m7","-M2",10,-2,"offbeat","leap","step",0.911745018777,1
"1067","I","16ee-",1191,"1.75",0.25,"-M2","P1",-2,0,"offbeat","step","unison",0.896310039180105,1
"1068","V7/IV","8ee-",1192,"2",0.5,"P1","-M2",0,-2,"onbeat","unison","step",0.749762270426289,1
"1070","V7/IV","8dd-",1194,"2.5",0.5,"-M2","-m2",-2,-1,"offbeat","step","step",0.485125363073619,0
"1072","IVb","16cc",1196,"3",0.25,"-m2","+m6",-1,8,"onbeat","step","leap",0.986440792349549,1
"1073","IVb","16aa-",1197,"3.25",0.25,"+m6","-m2",8,-1,"offbeat","leap","step",0.911745018777,1
"1074","IVb","16gg",1198,"3.5",0.25,"-m2","-M2",-1,-2,"offbeat","step","step",0.39067442106658,0
"1075","IVb","16ff",1199,"3.75",0.25,"-M2","+P5",-2,7,"offbeat","step","leap",0.692752247568506,1
"1076","ii","8ccc",1200,"4",0.5,"+P5","-M3",7,-4,"onbeat","leap","leap",0.996297497065711,1
"1088","ii","[2aa-",1213,"3",2,"-M3","-m2",-4,-1,"onbeat","leap","step",0.987841890268467,1
"1100","I","4gg",1226,"2",1,"-m2","-M2",-1,-2,"onbeat","step","step",0.80152356213528,1
"1104","iib","16ff",1230,"3",0.25,"-M2","+P5",-2,7,"onbeat","step","leap",0.986440792349549,1
"1105","iib","16ccc",1231,"3.25",0.25,"+P5","-M3",7,-4,"offbeat","leap","leap",0.973211439846859,1
"1106","iib","16aa-",1232,"3.5",0.25,"-M3","-m3",-4,-3,"offbeat","leap","leap",0.973211439846859,1
"1107","iib","16ff",1233,"3.75",0.25,"-m3","-M2",-3,-2,"offbeat","leap","step",0.911745018777,1
"1108","Ic","8ee-",1234,"4",0.5,"-M2","-m2",-2,-1,"onbeat","step","step",0.651563710525005,1
"1109","V","8dd",1235,"4.5",0.5,"-m2","+m2",-1,1,"offbeat","step","step",0.485125363073619,0
"1110","I","4ee-",1237,"1",1,"+m2","+M3",1,4,"onbeat","step","leap",0.978658599750936,1
"1138","I","16gg",1267,"2",0.25,"+M3","-M3",4,-4,"onbeat","leap","leap",0.996823745609426,1
"1139","I","16ee-",1268,"2.25",0.25,"-M3","+M6",-4,9,"offbeat","leap","leap",0.973211439846859,1
"1140","I","16ccc",1269,"2.5",0.25,"+M6","-m3",9,-3,"offbeat","leap","leap",0.973211439846859,1
"1141","I","16aa",1270,"2.75",0.25,"-m3","+m2",-3,1,"offbeat","leap","step",0.911745018777,1
"1142","Vb","8bb-",1271,"3",0.5,"+m2","P1",1,0,"onbeat","step","unison",0.947551330205483,1
"1143","Vb","8bb-",1272,"3.5",0.5,"P1","-m2",0,-1,"offbeat","unison","step",0.941153459775535,1
"1144","iim7c","16aa",1273,"4",0.25,"-m2","+m3",-1,3,"onbeat","step","leap",0.986440792349549,1
"1145","iim7c","16ccc",1274,"4.25",0.25,"+m3","+M2",3,2,"offbeat","leap","step",0.911745018777,1
"1146","iim7c","16ddd",1275,"4.5",0.25,"+M2","+m2",2,1,"offbeat","step","step",0.39067442106658,0
"1147","iim7c","16eee-",1276,"4.75",0.25,"+m2","-m2",1,-1,"offbeat","step","step",0.39067442106658,0
"1148","V","4ddd",1278,"1",1,"-m2","-M9",-1,-14,"onbeat","step","leap",0.978658599750936,1
"1150","iim7b","16cc",1280,"2",0.25,"-M9","-M3",-14,-4,"onbeat","leap","leap",0.996823745609426,1
"1151","iim7b","16a-",1281,"2.25",0.25,"-M3","+M6",-4,9,"offbeat","leap","leap",0.973211439846859,1
"1152","iim7b","16ff",1282,"2.5",0.25,"+M6","-m3",9,-3,"offbeat","leap","leap",0.973211439846859,1
"1153","iim7b","16dd",1283,"2.75",0.25,"-m3","+m2",-3,1,"offbeat","leap","step",0.911745018777,1
"1154","Ib","16ee-",1284,"3",0.25,"+m2","+M2",1,2,"onbeat","step","step",0.559949642180402,1
"1155","Ib","16ff",1285,"3.25",0.25,"+M2","+M2",2,2,"offbeat","step","step",0.39067442106658,0
"1156","Ib","16.gg",1286,"3.5",0.375,"+M2","-M6",2,-9,"offbeat","step","leap",0.676142610185927,1
"1157","Ib","32b-",1287,"3.875",0.125,"-M6","+M2",-9,2,"offbeat","leap","step",0.894979869872285,1
"1158","Ib","16cc",1288,"4",0.25,"+M2","-M3",2,-4,"onbeat","step","leap",0.986440792349549,1
"1159","Ib","16a-",1289,"4.25",0.25,"-M3","-m3",-4,-3,"offbeat","leap","leap",0.973211439846859,1
"1160","V","16f",1290,"4.5",0.25,"-m3","-m3",-3,-3,"offbeat","leap","leap",0.973211439846859,1
"1161","V","16d",1291,"4.75",0.25,"-m3","+m2",-3,1,"offbeat","leap","step",0.911745018777,1
"1162","I","4e-",1293,"1",1,"+m2","+P5",1,7,"onbeat","step","leap",0.978658599750936,1
"1166","I","16b-",1297,"2",0.25,"+P5","-m3",7,-3,"onbeat","leap","leap",0.996823745609426,1
"1167","I","16g",1298,"2.25",0.25,"-m3","+P4",-3,5,"offbeat","leap","leap",0.973211439846859,1
"1168","I","16cc",1299,"2.5",0.25,"+P4","-M3",5,-4,"offbeat","leap","leap",0.973211439846859,1
"1169","I","16a-",1300,"2.75",0.25,"-M3","+M2",-4,2,"offbeat","leap","step",0.911745018777,1
"1170","I","8.b-",1301,"3",0.75,"+M2","+M6",2,9,"onbeat","step","leap",0.98164573451017,1
"1173","I","16gg",1304,"3.75",0.25,"+M6","+m2",9,1,"offbeat","leap","step",0.911745018777,1
"1174","IVc","16aa-",1305,"4",0.25,"+m2","-m3",1,-3,"onbeat","step","leap",0.986440792349549,1
"1175","IVc","16ff",1306,"4.25",0.25,"-m3","-M2",-3,-2,"offbeat","leap","step",0.911745018777,1
"1176","viio","16ee-",1307,"4.5",0.25,"-M2","-m2",-2,-1,"offbeat","step","step",0.39067442106658,0
"1177","viio","16dd",1308,"4.75",0.25,"-m2","+m2",-1,1,"offbeat","step","step",0.39067442106658,0
"1178","I","8.ee-",1311,"1",0.75,"+m2","-m6",1,-8,"onbeat","step","leap",0.98164573451017,1
"1181","I","16g",1314,"1.75",0.25,"-m6","+m3",-8,3,"offbeat","leap","leap",0.973211439846859,1
"1182","I","16b-",1315,"2",0.25,"+m3","-m3",3,-3,"onbeat","leap","leap",0.996823745609426,1
"1183","I","16g",1316,"2.25",0.25,"-m3","+P4",-3,5,"offbeat","leap","leap",0.973211439846859,1
"1184","I","16cc",1317,"2.5",0.25,"+P4","-M3",5,-4,"offbeat","leap","leap",0.973211439846859,1
"1185","I","16a-",1318,"2.75",0.25,"-M3","+M2",-4,2,"offbeat","leap","step",0.911745018777,1
"1186","I","8.b-",1319,"3",0.75,"+M2","-m3",2,-3,"onbeat","step","leap",0.98164573451017,1
"1189","I","16g",1322,"3.75",0.25,"-m3","+m2",-3,1,"offbeat","leap","step",0.911745018777,1
"1190","IVc","16a-",1323,"4",0.25,"+m2","-m3",1,-3,"onbeat","step","leap",0.986440792349549,1
"1191","IVc","16f",1324,"4.25",0.25,"-m3","-M2",-3,-2,"offbeat","leap","step",0.911745018777,1
"1192","viio","16e-",1325,"4.5",0.25,"-M2","-m2",-2,-1,"offbeat","step","step",0.39067442106658,0
"1193","viio","16d",1326,"4.75",0.25,"-m2","+m2",-1,1,"offbeat","step","step",0.39067442106658,0
"1194","I","[4e-",1328,"1",1,"+m2","-m2",1,-1,"onbeat","step","step",0.80152356213528,1
"1199","I","16d",1333,"2.25",0.25,"-m2","+m3",-1,3,"offbeat","step","leap",0.692752247568506,1
"1200","I","16f",1334,"2.5",0.25,"+m3","-M2",3,-2,"offbeat","leap","step",0.911745018777,1
"1201","I","16e-",1335,"2.75",0.25,"-M2","+M3",-2,4,"offbeat","step","leap",0.692752247568506,1
"1202","I","16g",1336,"3",0.25,"+M3","-M2",4,-2,"onbeat","leap","step",0.845898976968717,1
"1203","I","16f",1337,"3.25",0.25,"-M2","+m3",-2,3,"offbeat","step","leap",0.692752247568506,1
"1204","I","16a-",1338,"3.5",0.25,"+m3","-m2",3,-1,"offbeat","leap","step",0.911745018777,1
"1205","I","16g",1339,"3.75",0.25,"-m2","+m3",-1,3,"offbeat","step","leap",0.692752247568506,1
"1206","I","16b-",1340,"4",0.25,"+m3","-M2",3,-2,"onbeat","leap","step",0.845898976968717,1
"1207","I","16a-",1341,"4.25",0.25,"-M2","+M3",-2,4,"offbeat","step","leap",0.692752247568506,1
"1208","I","16cc",1342,"4.5",0.25,"+M3","-M2",4,-2,"offbeat","leap","step",0.911745018777,1
"1209","I","16b-",1343,"4.75",0.25,"-M2","+m3",-2,3,"offbeat","step","leap",0.692752247568506,1
"1210","viioD7/V/V","4dd-",1345,"1",1,"+m3","-m2",3,-1,"onbeat","leap","step",0.945714206375741,1
"1212","viioD7/V/V","8cc",1347,"2",0.5,"-m2","-M2",-1,-2,"onbeat","step","step",0.651563710525005,1
"1213","viioD7/V/V","8b-",1348,"2.5",0.5,"-M2","-m2",-2,-1,"offbeat","step","step",0.485125363073619,0
"1214","V7/V","8a",1349,"3",0.5,"-m2","+d5",-1,6,"onbeat","step","leap",0.984221503911271,1
"1215","V7/V","8ee-",1350,"3.5",0.5,"+d5","-m2",6,-1,"offbeat","leap","step",0.93820188687144,1
"1216","Vb/iii","8dd",1351,"4",0.5,"-m2","-M2",-1,-2,"onbeat","step","step",0.651563710525005,1
"1217","Vb/iii","8cc",1352,"4.5",0.5,"-M2","-m7",-2,-10,"offbeat","step","leap",0.659076951088574,1
"1218","viiob","2d",1354,"1",2,"-m7","+m2",-10,1,"onbeat","leap","step",0.987841890268467,1
"1219","I","4e-",1355,"3",1,"+m2","[cc]",1,0,"onbeat","step","unison",0.973915443787871,1
